Nachname,Vorname,Klasse,Wahlangebote Methodentag E-Phase - 1. Wunsch,Wahlangebote Methodentag E-Phase - 2. Wunsch,Wahlangebote Methodentag E-Phase - 3. Wunsch,Wahlangebote Methodentag E-Phase - 4. Wunsch
Murazik,Keeley,1,Wie kommt der Stoff ins Gehirn? Oder: how to,"Klausurenphase - Verflixt, wie bekomme ich das mit den Aufgabenstellungen hin? (Referent: Hr. Dröge)",Künstliche Intelligenz als Hilfsmittel in eurem Schulalltag – Lern-Chancen und Risiken (Referent: Hr. Stoffel),"Deliver quality! – Professionell wissenschaftliche Präsentationen gestalten und halten (Referent: Hr. Menzinger, Q3)"
Runolfsdottir,Joesph,1,Wie kommt der Stoff ins Gehirn? Oder: how to,Runter mit dem Fehlerindex! (Referent: Hr. Joneleit),Wie verstehe ich Mathe? (Referent: Hr. Müller),Analyse von Karikaturen und Statistiken im gesellschaftswissenschaftlichem Kontext (Referent: Hr. Felka)
Vandervort,Cali,1,Wie kommt der Stoff ins Gehirn? Oder: how to,"Klausurenphase - Verflixt, wie bekomme ich das mit den Aufgabenstellungen hin? (Referent: Hr. Dröge)","Lust statt Frust: Prüfungen stark und gelassen meistern! - ein Mitmach-Workshop (Referentin: Andrea Hartel, Lerncoach)",Debattieren – wie überzeuge ich am besten? (Referent: Hr. Fringes)
Dietrich,Kraig,1,"Naturwissenschaftliche Experimente planen, durchführen und auswerten (Referentin: Fr. Gätsch)",Language/Langue/Lengua: Vom Wort zum Text und wieder zurück (Referent: Hr. Nebeling),Debattieren – wie überzeuge ich am besten? (Referent: Hr. Fringes),Wie verstehe ich Mathe? (Referent: Hr. Müller)
Walker,Solon,1,Wie kommt der Stoff ins Gehirn? Oder: how to,"Klausurenphase - Verflixt, wie bekomme ich das mit den Aufgabenstellungen hin? (Referent: Hr. Dröge)",Künstliche Intelligenz als Hilfsmittel in eurem Schulalltag – Lern-Chancen und Risiken (Referent: Hr. Stoffel),„Erörtern/Diskutieren/Beurteilen“ – Der Umgang mit Aufgabenstellungen aus dem AFB III (Referentin: Fr. Steinborn)
Raynor,Bernice,1,Spiel dich frei! Act it out! (Galli-Akademie),"Klausurenphase - Verflixt, wie bekomme ich das mit den Aufgabenstellungen hin? (Referent: Hr. Dröge)",Language/Langue/Lengua: Vom Wort zum Text und wieder zurück (Referent: Hr. Nebeling),Wie kommt der Stoff ins Gehirn? Oder: how to
Orn,Sabina,1,Runter mit dem Fehlerindex! (Referent: Hr. Joneleit),Wie verstehe ich Mathe? (Referent: Hr. Müller),Wie kommt der Stoff ins Gehirn? Oder: how to,„Erörtern/Diskutieren/Beurteilen“ – Der Umgang mit Aufgabenstellungen aus dem AFB III (Referentin: Fr. Steinborn)
Glover,Lera,1,Künstliche Intelligenz als Hilfsmittel in eurem Schulalltag – Lern-Chancen und Risiken (Referent: Hr. Stoffel),Debattieren – wie überzeuge ich am besten? (Referent: Hr. Fringes),"Deliver quality! – Professionell wissenschaftliche Präsentationen gestalten und halten (Referent: Hr. Menzinger, Q3)",Wie kommt der Stoff ins Gehirn? Oder: how to
Mraz,Rickey,1,"Lust statt Frust: Prüfungen stark und gelassen meistern! - ein Mitmach-Workshop (Referentin: Andrea Hartel, Lerncoach)",Künstliche Intelligenz als Hilfsmittel in eurem Schulalltag – Lern-Chancen und Risiken (Referent: Hr. Stoffel),Wie verstehe ich Mathe? (Referent: Hr. Müller),Analyse von Karikaturen und Statistiken im gesellschaftswissenschaftlichem Kontext (Referent: Hr. Felka)
Ruecker,Evan,1,Wie kommt der Stoff ins Gehirn? Oder: how to,"Klausurenphase - Verflixt, wie bekomme ich das mit den Aufgabenstellungen hin? (Referent: Hr. Dröge)","Lust statt Frust: Prüfungen stark und gelassen meistern! - ein Mitmach-Workshop (Referentin: Andrea Hartel, Lerncoach)","Deliver quality! – Professionell wissenschaftliche Präsentationen gestalten und halten (Referent: Hr. Menzinger, Q3)"
Boehm,Beryl,1,Wie kommt der Stoff ins Gehirn? Oder: how to,Wie verstehe ich Mathe? (Referent: Hr. Müller),"Klausurenphase - Verflixt, wie bekomme ich das mit den Aufgabenstellungen hin? (Referent: Hr. Dröge)",Künstliche Intelligenz als Hilfsmittel in eurem Schulalltag – Lern-Chancen und Risiken (Referent: Hr. Stoffel)
Bergnaum,Arianna,1,Analyse von Karikaturen und Statistiken im gesellschaftswissenschaftlichem Kontext (Referent: Hr. Felka),Debattieren – wie überzeuge ich am besten? (Referent: Hr. Fringes),Language/Langue/Lengua: Vom Wort zum Text und wieder zurück (Referent: Hr. Nebeling),Künstliche Intelligenz als Hilfsmittel in eurem Schulalltag – Lern-Chancen und Risiken (Referent: Hr. Stoffel)
Cummerata,Isabel,1,Wie kommt der Stoff ins Gehirn? Oder: how to,Wie verstehe ich Mathe? (Referent: Hr. Müller),"Deliver quality! – Professionell wissenschaftliche Präsentationen gestalten und halten (Referent: Hr. Menzinger, Q3)",„Erörtern/Diskutieren/Beurteilen“ – Der Umgang mit Aufgabenstellungen aus dem AFB III (Referentin: Fr. Steinborn)
Bartell,Edward,1,Language/Langue/Lengua: Vom Wort zum Text und wieder zurück (Referent: Hr. Nebeling),"Lust statt Frust: Prüfungen stark und gelassen meistern! - ein Mitmach-Workshop (Referentin: Andrea Hartel, Lerncoach)",„Erörtern/Diskutieren/Beurteilen“ – Der Umgang mit Aufgabenstellungen aus dem AFB III (Referentin: Fr. Steinborn),Analyse von Karikaturen und Statistiken im gesellschaftswissenschaftlichem Kontext (Referent: Hr. Felka)
Weber,Krystel,1,"Deliver quality! – Professionell wissenschaftliche Präsentationen gestalten und halten (Referent: Hr. Menzinger, Q3)",Wie kommt der Stoff ins Gehirn? Oder: how to,Künstliche Intelligenz als Hilfsmittel in eurem Schulalltag – Lern-Chancen und Risiken (Referent: Hr. Stoffel),Wie verstehe ich Mathe? (Referent: Hr. Müller)
Borer,Rafael,1,Wie kommt der Stoff ins Gehirn? Oder: how to,"Klausurenphase - Verflixt, wie bekomme ich das mit den Aufgabenstellungen hin? (Referent: Hr. Dröge)","Lust statt Frust: Prüfungen stark und gelassen meistern! - ein Mitmach-Workshop (Referentin: Andrea Hartel, Lerncoach)",Debattieren – wie überzeuge ich am besten? (Referent: Hr. Fringes)
Ward,Filomena,1,Spiel dich frei! Act it out! (Galli-Akademie),Debattieren – wie überzeuge ich am besten? (Referent: Hr. Fringes),Künstliche Intelligenz als Hilfsmittel in eurem Schulalltag – Lern-Chancen und Risiken (Referent: Hr. Stoffel),Language/Langue/Lengua: Vom Wort zum Text und wieder zurück (Referent: Hr. Nebeling)
Wolf,Arthur,1,Analyse von Karikaturen und Statistiken im gesellschaftswissenschaftlichem Kontext (Referent: Hr. Felka),"Deliver quality! – Professionell wissenschaftliche Präsentationen gestalten und halten (Referent: Hr. Menzinger, Q3)",Künstliche Intelligenz als Hilfsmittel in eurem Schulalltag – Lern-Chancen und Risiken (Referent: Hr. Stoffel),Debattieren – wie überzeuge ich am besten? (Referent: Hr. Fringes)
Jacobson,Cletus,1,"Deliver quality! – Professionell wissenschaftliche Präsentationen gestalten und halten (Referent: Hr. Menzinger, Q3)",Künstliche Intelligenz als Hilfsmittel in eurem Schulalltag – Lern-Chancen und Risiken (Referent: Hr. Stoffel),"Naturwissenschaftliche Experimente planen, durchführen und auswerten (Referentin: Fr. Gätsch)",Debattieren – wie überzeuge ich am besten? (Referent: Hr. Fringes)
Torphy,Arnoldo,2,Runter mit dem Fehlerindex! (Referent: Hr. Joneleit),"Lust statt Frust: Prüfungen stark und gelassen meistern! - ein Mitmach-Workshop (Referentin: Andrea Hartel, Lerncoach)",Language/Langue/Lengua: Vom Wort zum Text und wieder zurück (Referent: Hr. Nebeling),"Deliver quality! – Professionell wissenschaftliche Präsentationen gestalten und halten (Referent: Hr. Menzinger, Q3)"
Legros,Kaden,2,Runter mit dem Fehlerindex! (Referent: Hr. Joneleit),"Lust statt Frust: Prüfungen stark und gelassen meistern! - ein Mitmach-Workshop (Referentin: Andrea Hartel, Lerncoach)",Analyse von Karikaturen und Statistiken im gesellschaftswissenschaftlichem Kontext (Referent: Hr. Felka),Wie verstehe ich Mathe? (Referent: Hr. Müller)
Parker,Brenda,2,"Lust statt Frust: Prüfungen stark und gelassen meistern! - ein Mitmach-Workshop (Referentin: Andrea Hartel, Lerncoach)",Wie kommt der Stoff ins Gehirn? Oder: how to,Wie verstehe ich Mathe? (Referent: Hr. Müller),"Deliver quality! – Professionell wissenschaftliche Präsentationen gestalten und halten (Referent: Hr. Menzinger, Q3)"
Skiles,Walker,2,Runter mit dem Fehlerindex! (Referent: Hr. Joneleit),Debattieren – wie überzeuge ich am besten? (Referent: Hr. Fringes),„Erörtern/Diskutieren/Beurteilen“ – Der Umgang mit Aufgabenstellungen aus dem AFB III (Referentin: Fr. Steinborn),Analyse von Karikaturen und Statistiken im gesellschaftswissenschaftlichem Kontext (Referent: Hr. Felka)
Herman,Christiana,2,Künstliche Intelligenz als Hilfsmittel in eurem Schulalltag – Lern-Chancen und Risiken (Referent: Hr. Stoffel),Debattieren – wie überzeuge ich am besten? (Referent: Hr. Fringes),Spiel dich frei! Act it out! (Galli-Akademie),"Naturwissenschaftliche Experimente planen, durchführen und auswerten (Referentin: Fr. Gätsch)"
Sawayn,Donnie,2,"Deliver quality! – Professionell wissenschaftliche Präsentationen gestalten und halten (Referent: Hr. Menzinger, Q3)",Wie kommt der Stoff ins Gehirn? Oder: how to,Wie verstehe ich Mathe? (Referent: Hr. Müller),Künstliche Intelligenz als Hilfsmittel in eurem Schulalltag – Lern-Chancen und Risiken (Referent: Hr. Stoffel)
Grant,Ines,2,"Lust statt Frust: Prüfungen stark und gelassen meistern! - ein Mitmach-Workshop (Referentin: Andrea Hartel, Lerncoach)",Spiel dich frei! Act it out! (Galli-Akademie),Wie kommt der Stoff ins Gehirn? Oder: how to,Wie verstehe ich Mathe? (Referent: Hr. Müller)
DuBuque,Trent,2,Analyse von Karikaturen und Statistiken im gesellschaftswissenschaftlichem Kontext (Referent: Hr. Felka),"Deliver quality! – Professionell wissenschaftliche Präsentationen gestalten und halten (Referent: Hr. Menzinger, Q3)",Künstliche Intelligenz als Hilfsmittel in eurem Schulalltag – Lern-Chancen und Risiken (Referent: Hr. Stoffel),Debattieren – wie überzeuge ich am besten? (Referent: Hr. Fringes)
Wunsch,Allene,2,Runter mit dem Fehlerindex! (Referent: Hr. Joneleit),"Lust statt Frust: Prüfungen stark und gelassen meistern! - ein Mitmach-Workshop (Referentin: Andrea Hartel, Lerncoach)",Wie kommt der Stoff ins Gehirn? Oder: how to,"Deliver quality! – Professionell wissenschaftliche Präsentationen gestalten und halten (Referent: Hr. Menzinger, Q3)"
Ullrich,Albina,2,"Lust statt Frust: Prüfungen stark und gelassen meistern! - ein Mitmach-Workshop (Referentin: Andrea Hartel, Lerncoach)","Deliver quality! – Professionell wissenschaftliche Präsentationen gestalten und halten (Referent: Hr. Menzinger, Q3)",Künstliche Intelligenz als Hilfsmittel in eurem Schulalltag – Lern-Chancen und Risiken (Referent: Hr. Stoffel),Debattieren – wie überzeuge ich am besten? (Referent: Hr. Fringes)
Christiansen,Adolph,2,"Lust statt Frust: Prüfungen stark und gelassen meistern! - ein Mitmach-Workshop (Referentin: Andrea Hartel, Lerncoach)",Wie kommt der Stoff ins Gehirn? Oder: how to,"Deliver quality! – Professionell wissenschaftliche Präsentationen gestalten und halten (Referent: Hr. Menzinger, Q3)",Debattieren – wie überzeuge ich am besten? (Referent: Hr. Fringes)
Kautzer,Nelda,2,"Lust statt Frust: Prüfungen stark und gelassen meistern! - ein Mitmach-Workshop (Referentin: Andrea Hartel, Lerncoach)",Wie kommt der Stoff ins Gehirn? Oder: how to,Runter mit dem Fehlerindex! (Referent: Hr. Joneleit),"Deliver quality! – Professionell wissenschaftliche Präsentationen gestalten und halten (Referent: Hr. Menzinger, Q3)"
Feeney,Nickolas,2,Language/Langue/Lengua: Vom Wort zum Text und wieder zurück (Referent: Hr. Nebeling),Debattieren – wie überzeuge ich am besten? (Referent: Hr. Fringes),Künstliche Intelligenz als Hilfsmittel in eurem Schulalltag – Lern-Chancen und Risiken (Referent: Hr. Stoffel),Runter mit dem Fehlerindex! (Referent: Hr. Joneleit)
Hauck,Marie,2,"Lust statt Frust: Prüfungen stark und gelassen meistern! - ein Mitmach-Workshop (Referentin: Andrea Hartel, Lerncoach)",Wie kommt der Stoff ins Gehirn? Oder: how to,"Klausurenphase - Verflixt, wie bekomme ich das mit den Aufgabenstellungen hin? (Referent: Hr. Dröge)",Language/Langue/Lengua: Vom Wort zum Text und wieder zurück (Referent: Hr. Nebeling)
Kihn,Aimee,2,Analyse von Karikaturen und Statistiken im gesellschaftswissenschaftlichem Kontext (Referent: Hr. Felka),"Klausurenphase - Verflixt, wie bekomme ich das mit den Aufgabenstellungen hin? (Referent: Hr. Dröge)","Vortrag? Inhaltlich ist das ja ganz gut, aber... Wie man mit einer guten Struktur Inhalte überzeugend präsentiert (Referentin: Fr. Zinn)",Wie kommt der Stoff ins Gehirn? Oder: how to
Kiehn,Leo,2,Wie kommt der Stoff ins Gehirn? Oder: how to,"Klausurenphase - Verflixt, wie bekomme ich das mit den Aufgabenstellungen hin? (Referent: Hr. Dröge)",Debattieren – wie überzeuge ich am besten? (Referent: Hr. Fringes),"Deliver quality! – Professionell wissenschaftliche Präsentationen gestalten und halten (Referent: Hr. Menzinger, Q3)"
Von,Kristina,2,"Klausurenphase - Verflixt, wie bekomme ich das mit den Aufgabenstellungen hin? (Referent: Hr. Dröge)",Analyse von Karikaturen und Statistiken im gesellschaftswissenschaftlichem Kontext (Referent: Hr. Felka),Language/Langue/Lengua: Vom Wort zum Text und wieder zurück (Referent: Hr. Nebeling),Wie kommt der Stoff ins Gehirn? Oder: how to
Mitchell,Norberto,2,Wie kommt der Stoff ins Gehirn? Oder: how to,"Klausurenphase - Verflixt, wie bekomme ich das mit den Aufgabenstellungen hin? (Referent: Hr. Dröge)",Language/Langue/Lengua: Vom Wort zum Text und wieder zurück (Referent: Hr. Nebeling),"Naturwissenschaftliche Experimente planen, durchführen und auswerten (Referentin: Fr. Gätsch)"
Gusikowski,Eleonore,2,Wie kommt der Stoff ins Gehirn? Oder: how to,"Klausurenphase - Verflixt, wie bekomme ich das mit den Aufgabenstellungen hin? (Referent: Hr. Dröge)","Deliver quality! – Professionell wissenschaftliche Präsentationen gestalten und halten (Referent: Hr. Menzinger, Q3)",Runter mit dem Fehlerindex! (Referent: Hr. Joneleit)
Goyette,Nicklaus,2,"Deliver quality! – Professionell wissenschaftliche Präsentationen gestalten und halten (Referent: Hr. Menzinger, Q3)",Künstliche Intelligenz als Hilfsmittel in eurem Schulalltag – Lern-Chancen und Risiken (Referent: Hr. Stoffel),„Erörtern/Diskutieren/Beurteilen“ – Der Umgang mit Aufgabenstellungen aus dem AFB III (Referentin: Fr. Steinborn),Debattieren – wie überzeuge ich am besten? (Referent: Hr. Fringes)
Roob,Scot,2,Wie kommt der Stoff ins Gehirn? Oder: how to,"Lust statt Frust: Prüfungen stark und gelassen meistern! - ein Mitmach-Workshop (Referentin: Andrea Hartel, Lerncoach)",Language/Langue/Lengua: Vom Wort zum Text und wieder zurück (Referent: Hr. Nebeling),Runter mit dem Fehlerindex! (Referent: Hr. Joneleit)
Goodwin,Anne,2,Language/Langue/Lengua: Vom Wort zum Text und wieder zurück (Referent: Hr. Nebeling),Runter mit dem Fehlerindex! (Referent: Hr. Joneleit),Wie kommt der Stoff ins Gehirn? Oder: how to,Analyse von Karikaturen und Statistiken im gesellschaftswissenschaftlichem Kontext (Referent: Hr. Felka)
Ritchie,Niko,2,Runter mit dem Fehlerindex! (Referent: Hr. Joneleit),"Lust statt Frust: Prüfungen stark und gelassen meistern! - ein Mitmach-Workshop (Referentin: Andrea Hartel, Lerncoach)",Wie kommt der Stoff ins Gehirn? Oder: how to,Wie verstehe ich Mathe? (Referent: Hr. Müller)
Hoppe,Destany,3,Wie verstehe ich Mathe? (Referent: Hr. Müller),Künstliche Intelligenz als Hilfsmittel in eurem Schulalltag – Lern-Chancen und Risiken (Referent: Hr. Stoffel),"Lust statt Frust: Prüfungen stark und gelassen meistern! - ein Mitmach-Workshop (Referentin: Andrea Hartel, Lerncoach)",Analyse von Karikaturen und Statistiken im gesellschaftswissenschaftlichem Kontext (Referent: Hr. Felka)
Reichel,Pearlie,3,"Deliver quality! – Professionell wissenschaftliche Präsentationen gestalten und halten (Referent: Hr. Menzinger, Q3)",Wie kommt der Stoff ins Gehirn? Oder: how to,Künstliche Intelligenz als Hilfsmittel in eurem Schulalltag – Lern-Chancen und Risiken (Referent: Hr. Stoffel),Wie verstehe ich Mathe? (Referent: Hr. Müller)
Labadie,Chasity,3,Runter mit dem Fehlerindex! (Referent: Hr. Joneleit),Künstliche Intelligenz als Hilfsmittel in eurem Schulalltag – Lern-Chancen und Risiken (Referent: Hr. Stoffel),Language/Langue/Lengua: Vom Wort zum Text und wieder zurück (Referent: Hr. Nebeling),Spiel dich frei! Act it out! (Galli-Akademie)
Skiles,Abbey,3,„Erörtern/Diskutieren/Beurteilen“ – Der Umgang mit Aufgabenstellungen aus dem AFB III (Referentin: Fr. Steinborn),"Deliver quality! – Professionell wissenschaftliche Präsentationen gestalten und halten (Referent: Hr. Menzinger, Q3)",Analyse von Karikaturen und Statistiken im gesellschaftswissenschaftlichem Kontext (Referent: Hr. Felka),"Naturwissenschaftliche Experimente planen, durchführen und auswerten (Referentin: Fr. Gätsch)"
Harvey,Kassandra,3,"Deliver quality! – Professionell wissenschaftliche Präsentationen gestalten und halten (Referent: Hr. Menzinger, Q3)",Debattieren – wie überzeuge ich am besten? (Referent: Hr. Fringes),Spiel dich frei! Act it out! (Galli-Akademie),Analyse von Karikaturen und Statistiken im gesellschaftswissenschaftlichem Kontext (Referent: Hr. Felka)
Walsh,Aurelia,3,Debattieren – wie überzeuge ich am besten? (Referent: Hr. Fringes),"Deliver quality! – Professionell wissenschaftliche Präsentationen gestalten und halten (Referent: Hr. Menzinger, Q3)",Analyse von Karikaturen und Statistiken im gesellschaftswissenschaftlichem Kontext (Referent: Hr. Felka),"Lust statt Frust: Prüfungen stark und gelassen meistern! - ein Mitmach-Workshop (Referentin: Andrea Hartel, Lerncoach)"
Gulgowski,Elvera,3,Spiel dich frei! Act it out! (Galli-Akademie),"Deliver quality! – Professionell wissenschaftliche Präsentationen gestalten und halten (Referent: Hr. Menzinger, Q3)","Lust statt Frust: Prüfungen stark und gelassen meistern! - ein Mitmach-Workshop (Referentin: Andrea Hartel, Lerncoach)",Debattieren – wie überzeuge ich am besten? (Referent: Hr. Fringes)
Douglas,Jada,3,"Klausurenphase - Verflixt, wie bekomme ich das mit den Aufgabenstellungen hin? (Referent: Hr. Dröge)",Künstliche Intelligenz als Hilfsmittel in eurem Schulalltag – Lern-Chancen und Risiken (Referent: Hr. Stoffel),Runter mit dem Fehlerindex! (Referent: Hr. Joneleit),Wie kommt der Stoff ins Gehirn? Oder: how to
Turner,Jose,3,Runter mit dem Fehlerindex! (Referent: Hr. Joneleit),„Erörtern/Diskutieren/Beurteilen“ – Der Umgang mit Aufgabenstellungen aus dem AFB III (Referentin: Fr. Steinborn),"Klausurenphase - Verflixt, wie bekomme ich das mit den Aufgabenstellungen hin? (Referent: Hr. Dröge)",Künstliche Intelligenz als Hilfsmittel in eurem Schulalltag – Lern-Chancen und Risiken (Referent: Hr. Stoffel)
Larson,Maritza,3,Runter mit dem Fehlerindex! (Referent: Hr. Joneleit),Wie kommt der Stoff ins Gehirn? Oder: how to,Language/Langue/Lengua: Vom Wort zum Text und wieder zurück (Referent: Hr. Nebeling),"Lust statt Frust: Prüfungen stark und gelassen meistern! - ein Mitmach-Workshop (Referentin: Andrea Hartel, Lerncoach)"
Shanahan,Brenden,3,Wie kommt der Stoff ins Gehirn? Oder: how to,"Lust statt Frust: Prüfungen stark und gelassen meistern! - ein Mitmach-Workshop (Referentin: Andrea Hartel, Lerncoach)",Wie verstehe ich Mathe? (Referent: Hr. Müller),Künstliche Intelligenz als Hilfsmittel in eurem Schulalltag – Lern-Chancen und Risiken (Referent: Hr. Stoffel)
Crooks,Rosanna,3,Runter mit dem Fehlerindex! (Referent: Hr. Joneleit),"Lust statt Frust: Prüfungen stark und gelassen meistern! - ein Mitmach-Workshop (Referentin: Andrea Hartel, Lerncoach)",Analyse von Karikaturen und Statistiken im gesellschaftswissenschaftlichem Kontext (Referent: Hr. Felka),Debattieren – wie überzeuge ich am besten? (Referent: Hr. Fringes)
Halvorson,Beaulah,3,Wie kommt der Stoff ins Gehirn? Oder: how to,Debattieren – wie überzeuge ich am besten? (Referent: Hr. Fringes),"Lust statt Frust: Prüfungen stark und gelassen meistern! - ein Mitmach-Workshop (Referentin: Andrea Hartel, Lerncoach)","Klausurenphase - Verflixt, wie bekomme ich das mit den Aufgabenstellungen hin? (Referent: Hr. Dröge)"
Goldner,Irma,3,Runter mit dem Fehlerindex! (Referent: Hr. Joneleit),"Deliver quality! – Professionell wissenschaftliche Präsentationen gestalten und halten (Referent: Hr. Menzinger, Q3)",Wie kommt der Stoff ins Gehirn? Oder: how to,Analyse von Karikaturen und Statistiken im gesellschaftswissenschaftlichem Kontext (Referent: Hr. Felka)
Hahn,Augustine,4,"Lust statt Frust: Prüfungen stark und gelassen meistern! - ein Mitmach-Workshop (Referentin: Andrea Hartel, Lerncoach)",Wie kommt der Stoff ins Gehirn? Oder: how to,Language/Langue/Lengua: Vom Wort zum Text und wieder zurück (Referent: Hr. Nebeling),„Erörtern/Diskutieren/Beurteilen“ – Der Umgang mit Aufgabenstellungen aus dem AFB III (Referentin: Fr. Steinborn)
Schiller,Philip,4,Analyse von Karikaturen und Statistiken im gesellschaftswissenschaftlichem Kontext (Referent: Hr. Felka),"Deliver quality! – Professionell wissenschaftliche Präsentationen gestalten und halten (Referent: Hr. Menzinger, Q3)",Künstliche Intelligenz als Hilfsmittel in eurem Schulalltag – Lern-Chancen und Risiken (Referent: Hr. Stoffel),Debattieren – wie überzeuge ich am besten? (Referent: Hr. Fringes)
Schaden,Sharon,4,Wie verstehe ich Mathe? (Referent: Hr. Müller),Künstliche Intelligenz als Hilfsmittel in eurem Schulalltag – Lern-Chancen und Risiken (Referent: Hr. Stoffel),Analyse von Karikaturen und Statistiken im gesellschaftswissenschaftlichem Kontext (Referent: Hr. Felka),"Klausurenphase - Verflixt, wie bekomme ich das mit den Aufgabenstellungen hin? (Referent: Hr. Dröge)"
O'Hara,Oscar,4,Debattieren – wie überzeuge ich am besten? (Referent: Hr. Fringes),Language/Langue/Lengua: Vom Wort zum Text und wieder zurück (Referent: Hr. Nebeling),Künstliche Intelligenz als Hilfsmittel in eurem Schulalltag – Lern-Chancen und Risiken (Referent: Hr. Stoffel),Runter mit dem Fehlerindex! (Referent: Hr. Joneleit)
Hamill,Letha,4,„Erörtern/Diskutieren/Beurteilen“ – Der Umgang mit Aufgabenstellungen aus dem AFB III (Referentin: Fr. Steinborn),Debattieren – wie überzeuge ich am besten? (Referent: Hr. Fringes),"Naturwissenschaftliche Experimente planen, durchführen und auswerten (Referentin: Fr. Gätsch)",Künstliche Intelligenz als Hilfsmittel in eurem Schulalltag – Lern-Chancen und Risiken (Referent: Hr. Stoffel)
Renner,Amara,4,Language/Langue/Lengua: Vom Wort zum Text und wieder zurück (Referent: Hr. Nebeling),Debattieren – wie überzeuge ich am besten? (Referent: Hr. Fringes),Künstliche Intelligenz als Hilfsmittel in eurem Schulalltag – Lern-Chancen und Risiken (Referent: Hr. Stoffel),Runter mit dem Fehlerindex! (Referent: Hr. Joneleit)
Monahan,Amina,4,Wie kommt der Stoff ins Gehirn? Oder: how to,"Deliver quality! – Professionell wissenschaftliche Präsentationen gestalten und halten (Referent: Hr. Menzinger, Q3)",Analyse von Karikaturen und Statistiken im gesellschaftswissenschaftlichem Kontext (Referent: Hr. Felka),Künstliche Intelligenz als Hilfsmittel in eurem Schulalltag – Lern-Chancen und Risiken (Referent: Hr. Stoffel)
Crooks,Vince,4,Wie kommt der Stoff ins Gehirn? Oder: how to,Künstliche Intelligenz als Hilfsmittel in eurem Schulalltag – Lern-Chancen und Risiken (Referent: Hr. Stoffel),Wie verstehe ich Mathe? (Referent: Hr. Müller),"Klausurenphase - Verflixt, wie bekomme ich das mit den Aufgabenstellungen hin? (Referent: Hr. Dröge)"
Schmitt,Ardella,4,Debattieren – wie überzeuge ich am besten? (Referent: Hr. Fringes),Analyse von Karikaturen und Statistiken im gesellschaftswissenschaftlichem Kontext (Referent: Hr. Felka),Language/Langue/Lengua: Vom Wort zum Text und wieder zurück (Referent: Hr. Nebeling),"Klausurenphase - Verflixt, wie bekomme ich das mit den Aufgabenstellungen hin? (Referent: Hr. Dröge)"
Jakubowski,Estrella,4,"Deliver quality! – Professionell wissenschaftliche Präsentationen gestalten und halten (Referent: Hr. Menzinger, Q3)",Künstliche Intelligenz als Hilfsmittel in eurem Schulalltag – Lern-Chancen und Risiken (Referent: Hr. Stoffel),Debattieren – wie überzeuge ich am besten? (Referent: Hr. Fringes),"Naturwissenschaftliche Experimente planen, durchführen und auswerten (Referentin: Fr. Gätsch)"
Abernathy,Florian,4,Künstliche Intelligenz als Hilfsmittel in eurem Schulalltag – Lern-Chancen und Risiken (Referent: Hr. Stoffel),"Deliver quality! – Professionell wissenschaftliche Präsentationen gestalten und halten (Referent: Hr. Menzinger, Q3)",Wie kommt der Stoff ins Gehirn? Oder: how to,Runter mit dem Fehlerindex! (Referent: Hr. Joneleit)
Morissette,Sister,4,"Lust statt Frust: Prüfungen stark und gelassen meistern! - ein Mitmach-Workshop (Referentin: Andrea Hartel, Lerncoach)",Wie kommt der Stoff ins Gehirn? Oder: how to,„Erörtern/Diskutieren/Beurteilen“ – Der Umgang mit Aufgabenstellungen aus dem AFB III (Referentin: Fr. Steinborn),Debattieren – wie überzeuge ich am besten? (Referent: Hr. Fringes)
Waters,Della,4,"Lust statt Frust: Prüfungen stark und gelassen meistern! - ein Mitmach-Workshop (Referentin: Andrea Hartel, Lerncoach)",Wie kommt der Stoff ins Gehirn? Oder: how to,Debattieren – wie überzeuge ich am besten? (Referent: Hr. Fringes),„Erörtern/Diskutieren/Beurteilen“ – Der Umgang mit Aufgabenstellungen aus dem AFB III (Referentin: Fr. Steinborn)
Jerde,Bobby,4,"Deliver quality! – Professionell wissenschaftliche Präsentationen gestalten und halten (Referent: Hr. Menzinger, Q3)",Wie kommt der Stoff ins Gehirn? Oder: how to,Künstliche Intelligenz als Hilfsmittel in eurem Schulalltag – Lern-Chancen und Risiken (Referent: Hr. Stoffel),Wie verstehe ich Mathe? (Referent: Hr. Müller)
Treutel,Reymundo,4,Debattieren – wie überzeuge ich am besten? (Referent: Hr. Fringes),Runter mit dem Fehlerindex! (Referent: Hr. Joneleit),Language/Langue/Lengua: Vom Wort zum Text und wieder zurück (Referent: Hr. Nebeling),"Deliver quality! – Professionell wissenschaftliche Präsentationen gestalten und halten (Referent: Hr. Menzinger, Q3)"
Blick,Zachery,4,"Lust statt Frust: Prüfungen stark und gelassen meistern! - ein Mitmach-Workshop (Referentin: Andrea Hartel, Lerncoach)",Wie kommt der Stoff ins Gehirn? Oder: how to,Wie verstehe ich Mathe? (Referent: Hr. Müller),"Klausurenphase - Verflixt, wie bekomme ich das mit den Aufgabenstellungen hin? (Referent: Hr. Dröge)"
Welch,Rick,4,Spiel dich frei! Act it out! (Galli-Akademie),"Klausurenphase - Verflixt, wie bekomme ich das mit den Aufgabenstellungen hin? (Referent: Hr. Dröge)",Language/Langue/Lengua: Vom Wort zum Text und wieder zurück (Referent: Hr. Nebeling),"Naturwissenschaftliche Experimente planen, durchführen und auswerten (Referentin: Fr. Gätsch)"
Funk,Jaqueline,4,Runter mit dem Fehlerindex! (Referent: Hr. Joneleit),"Lust statt Frust: Prüfungen stark und gelassen meistern! - ein Mitmach-Workshop (Referentin: Andrea Hartel, Lerncoach)",Wie kommt der Stoff ins Gehirn? Oder: how to,"Deliver quality! – Professionell wissenschaftliche Präsentationen gestalten und halten (Referent: Hr. Menzinger, Q3)"
Wolff,Landen,4,Wie kommt der Stoff ins Gehirn? Oder: how to,Künstliche Intelligenz als Hilfsmittel in eurem Schulalltag – Lern-Chancen und Risiken (Referent: Hr. Stoffel),Debattieren – wie überzeuge ich am besten? (Referent: Hr. Fringes),Wie verstehe ich Mathe? (Referent: Hr. Müller)
Jenkins,Valerie,4,"Lust statt Frust: Prüfungen stark und gelassen meistern! - ein Mitmach-Workshop (Referentin: Andrea Hartel, Lerncoach)",Wie kommt der Stoff ins Gehirn? Oder: how to,Wie verstehe ich Mathe? (Referent: Hr. Müller),Language/Langue/Lengua: Vom Wort zum Text und wieder zurück (Referent: Hr. Nebeling)
Stroman,Daniella,4,Wie kommt der Stoff ins Gehirn? Oder: how to,"Lust statt Frust: Prüfungen stark und gelassen meistern! - ein Mitmach-Workshop (Referentin: Andrea Hartel, Lerncoach)",Wie verstehe ich Mathe? (Referent: Hr. Müller),Language/Langue/Lengua: Vom Wort zum Text und wieder zurück (Referent: Hr. Nebeling)
Larkin,Garfield,4,Wie verstehe ich Mathe? (Referent: Hr. Müller),Künstliche Intelligenz als Hilfsmittel in eurem Schulalltag – Lern-Chancen und Risiken (Referent: Hr. Stoffel),"Lust statt Frust: Prüfungen stark und gelassen meistern! - ein Mitmach-Workshop (Referentin: Andrea Hartel, Lerncoach)",Analyse von Karikaturen und Statistiken im gesellschaftswissenschaftlichem Kontext (Referent: Hr. Felka)
Halvorson,Scarlett,4,Language/Langue/Lengua: Vom Wort zum Text und wieder zurück (Referent: Hr. Nebeling),"Lust statt Frust: Prüfungen stark und gelassen meistern! - ein Mitmach-Workshop (Referentin: Andrea Hartel, Lerncoach)",„Erörtern/Diskutieren/Beurteilen“ – Der Umgang mit Aufgabenstellungen aus dem AFB III (Referentin: Fr. Steinborn),Analyse von Karikaturen und Statistiken im gesellschaftswissenschaftlichem Kontext (Referent: Hr. Felka)
Langosh,Dulce,4,Analyse von Karikaturen und Statistiken im gesellschaftswissenschaftlichem Kontext (Referent: Hr. Felka),"Deliver quality! – Professionell wissenschaftliche Präsentationen gestalten und halten (Referent: Hr. Menzinger, Q3)",Künstliche Intelligenz als Hilfsmittel in eurem Schulalltag – Lern-Chancen und Risiken (Referent: Hr. Stoffel),Debattieren – wie überzeuge ich am besten? (Referent: Hr. Fringes)
Kuhic,Mckenzie,5,"Naturwissenschaftliche Experimente planen, durchführen und auswerten (Referentin: Fr. Gätsch)",Runter mit dem Fehlerindex! (Referent: Hr. Joneleit),Künstliche Intelligenz als Hilfsmittel in eurem Schulalltag – Lern-Chancen und Risiken (Referent: Hr. Stoffel),Wie verstehe ich Mathe? (Referent: Hr. Müller)
Volkman,Kobe,5,"Deliver quality! – Professionell wissenschaftliche Präsentationen gestalten und halten (Referent: Hr. Menzinger, Q3)",Wie verstehe ich Mathe? (Referent: Hr. Müller),Künstliche Intelligenz als Hilfsmittel in eurem Schulalltag – Lern-Chancen und Risiken (Referent: Hr. Stoffel),Runter mit dem Fehlerindex! (Referent: Hr. Joneleit)
White,Orland,5,Runter mit dem Fehlerindex! (Referent: Hr. Joneleit),"Lust statt Frust: Prüfungen stark und gelassen meistern! - ein Mitmach-Workshop (Referentin: Andrea Hartel, Lerncoach)",Wie kommt der Stoff ins Gehirn? Oder: how to,Wie verstehe ich Mathe? (Referent: Hr. Müller)
Stamm,Hans,5,"Lust statt Frust: Prüfungen stark und gelassen meistern! - ein Mitmach-Workshop (Referentin: Andrea Hartel, Lerncoach)",Wie kommt der Stoff ins Gehirn? Oder: how to,Wie verstehe ich Mathe? (Referent: Hr. Müller),Runter mit dem Fehlerindex! (Referent: Hr. Joneleit)
Bauch,Abigayle,5,Künstliche Intelligenz als Hilfsmittel in eurem Schulalltag – Lern-Chancen und Risiken (Referent: Hr. Stoffel),Debattieren – wie überzeuge ich am besten? (Referent: Hr. Fringes),Language/Langue/Lengua: Vom Wort zum Text und wieder zurück (Referent: Hr. Nebeling),Runter mit dem Fehlerindex! (Referent: Hr. Joneleit)
Crist,Reynold,5,"Deliver quality! – Professionell wissenschaftliche Präsentationen gestalten und halten (Referent: Hr. Menzinger, Q3)",Debattieren – wie überzeuge ich am besten? (Referent: Hr. Fringes),Wie kommt der Stoff ins Gehirn? Oder: how to,Analyse von Karikaturen und Statistiken im gesellschaftswissenschaftlichem Kontext (Referent: Hr. Felka)
Moore,Ocie,5,Wie verstehe ich Mathe? (Referent: Hr. Müller),Künstliche Intelligenz als Hilfsmittel in eurem Schulalltag – Lern-Chancen und Risiken (Referent: Hr. Stoffel),Runter mit dem Fehlerindex! (Referent: Hr. Joneleit),Debattieren – wie überzeuge ich am besten? (Referent: Hr. Fringes)
Emard,Imelda,5,"Lust statt Frust: Prüfungen stark und gelassen meistern! - ein Mitmach-Workshop (Referentin: Andrea Hartel, Lerncoach)","Deliver quality! – Professionell wissenschaftliche Präsentationen gestalten und halten (Referent: Hr. Menzinger, Q3)",Language/Langue/Lengua: Vom Wort zum Text und wieder zurück (Referent: Hr. Nebeling),Wie verstehe ich Mathe? (Referent: Hr. Müller)
Stark,Adrienne,5,Debattieren – wie überzeuge ich am besten? (Referent: Hr. Fringes),Analyse von Karikaturen und Statistiken im gesellschaftswissenschaftlichem Kontext (Referent: Hr. Felka),"Naturwissenschaftliche Experimente planen, durchführen und auswerten (Referentin: Fr. Gätsch)",Runter mit dem Fehlerindex! (Referent: Hr. Joneleit)
Hettinger,Tate,5,Language/Langue/Lengua: Vom Wort zum Text und wieder zurück (Referent: Hr. Nebeling),Runter mit dem Fehlerindex! (Referent: Hr. Joneleit),Wie kommt der Stoff ins Gehirn? Oder: how to,Analyse von Karikaturen und Statistiken im gesellschaftswissenschaftlichem Kontext (Referent: Hr. Felka)
Blick,Catalina,5,Wie kommt der Stoff ins Gehirn? Oder: how to,Debattieren – wie überzeuge ich am besten? (Referent: Hr. Fringes),Künstliche Intelligenz als Hilfsmittel in eurem Schulalltag – Lern-Chancen und Risiken (Referent: Hr. Stoffel),Runter mit dem Fehlerindex! (Referent: Hr. Joneleit)
Kunde,Marianna,5,Language/Langue/Lengua: Vom Wort zum Text und wieder zurück (Referent: Hr. Nebeling),Wie kommt der Stoff ins Gehirn? Oder: how to,Wie verstehe ich Mathe? (Referent: Hr. Müller),Analyse von Karikaturen und Statistiken im gesellschaftswissenschaftlichem Kontext (Referent: Hr. Felka)
Bradtke,Lilly,5,Spiel dich frei! Act it out! (Galli-Akademie),Debattieren – wie überzeuge ich am besten? (Referent: Hr. Fringes),"Deliver quality! – Professionell wissenschaftliche Präsentationen gestalten und halten (Referent: Hr. Menzinger, Q3)",„Erörtern/Diskutieren/Beurteilen“ – Der Umgang mit Aufgabenstellungen aus dem AFB III (Referentin: Fr. Steinborn)
Larson,Dominique,5,Wie verstehe ich Mathe? (Referent: Hr. Müller),"Deliver quality! – Professionell wissenschaftliche Präsentationen gestalten und halten (Referent: Hr. Menzinger, Q3)",Analyse von Karikaturen und Statistiken im gesellschaftswissenschaftlichem Kontext (Referent: Hr. Felka),„Erörtern/Diskutieren/Beurteilen“ – Der Umgang mit Aufgabenstellungen aus dem AFB III (Referentin: Fr. Steinborn)
Gulgowski,Marley,5,Runter mit dem Fehlerindex! (Referent: Hr. Joneleit),Künstliche Intelligenz als Hilfsmittel in eurem Schulalltag – Lern-Chancen und Risiken (Referent: Hr. Stoffel),Debattieren – wie überzeuge ich am besten? (Referent: Hr. Fringes),"Naturwissenschaftliche Experimente planen, durchführen und auswerten (Referentin: Fr. Gätsch)"
Hudson,Newton,5,Wie verstehe ich Mathe? (Referent: Hr. Müller),"Deliver quality! – Professionell wissenschaftliche Präsentationen gestalten und halten (Referent: Hr. Menzinger, Q3)",„Erörtern/Diskutieren/Beurteilen“ – Der Umgang mit Aufgabenstellungen aus dem AFB III (Referentin: Fr. Steinborn),Wie kommt der Stoff ins Gehirn? Oder: how to
Aufderhar,Florencio,5,Language/Langue/Lengua: Vom Wort zum Text und wieder zurück (Referent: Hr. Nebeling),Wie kommt der Stoff ins Gehirn? Oder: how to,"Klausurenphase - Verflixt, wie bekomme ich das mit den Aufgabenstellungen hin? (Referent: Hr. Dröge)",Künstliche Intelligenz als Hilfsmittel in eurem Schulalltag – Lern-Chancen und Risiken (Referent: Hr. Stoffel)
Ziemann,Kristofer,5,Runter mit dem Fehlerindex! (Referent: Hr. Joneleit),"Lust statt Frust: Prüfungen stark und gelassen meistern! - ein Mitmach-Workshop (Referentin: Andrea Hartel, Lerncoach)",Debattieren – wie überzeuge ich am besten? (Referent: Hr. Fringes),Wie verstehe ich Mathe? (Referent: Hr. Müller)
Senger,Sasha,5,Debattieren – wie überzeuge ich am besten? (Referent: Hr. Fringes),Künstliche Intelligenz als Hilfsmittel in eurem Schulalltag – Lern-Chancen und Risiken (Referent: Hr. Stoffel),Spiel dich frei! Act it out! (Galli-Akademie),"Naturwissenschaftliche Experimente planen, durchführen und auswerten (Referentin: Fr. Gätsch)"
Spencer,Ethan,5,Analyse von Karikaturen und Statistiken im gesellschaftswissenschaftlichem Kontext (Referent: Hr. Felka),Wie verstehe ich Mathe? (Referent: Hr. Müller),Wie kommt der Stoff ins Gehirn? Oder: how to,Language/Langue/Lengua: Vom Wort zum Text und wieder zurück (Referent: Hr. Nebeling)
Walsh,Karianne,5,Wie kommt der Stoff ins Gehirn? Oder: how to,"Klausurenphase - Verflixt, wie bekomme ich das mit den Aufgabenstellungen hin? (Referent: Hr. Dröge)","Lust statt Frust: Prüfungen stark und gelassen meistern! - ein Mitmach-Workshop (Referentin: Andrea Hartel, Lerncoach)","Deliver quality! – Professionell wissenschaftliche Präsentationen gestalten und halten (Referent: Hr. Menzinger, Q3)"
Zemlak,Morris,5,Wie verstehe ich Mathe? (Referent: Hr. Müller),Analyse von Karikaturen und Statistiken im gesellschaftswissenschaftlichem Kontext (Referent: Hr. Felka),"Naturwissenschaftliche Experimente planen, durchführen und auswerten (Referentin: Fr. Gätsch)",Wie kommt der Stoff ins Gehirn? Oder: how to
Shanahan,Carolyn,5,Wie kommt der Stoff ins Gehirn? Oder: how to,Analyse von Karikaturen und Statistiken im gesellschaftswissenschaftlichem Kontext (Referent: Hr. Felka),"Klausurenphase - Verflixt, wie bekomme ich das mit den Aufgabenstellungen hin? (Referent: Hr. Dröge)","Vortrag? Inhaltlich ist das ja ganz gut, aber... Wie man mit einer guten Struktur Inhalte überzeugend präsentiert (Referentin: Fr. Zinn)"
Stroman,Jakayla,5,Spiel dich frei! Act it out! (Galli-Akademie),Debattieren – wie überzeuge ich am besten? (Referent: Hr. Fringes),Wie kommt der Stoff ins Gehirn? Oder: how to,"Klausurenphase - Verflixt, wie bekomme ich das mit den Aufgabenstellungen hin? (Referent: Hr. Dröge)"
Boehm,Elisha,5,Wie kommt der Stoff ins Gehirn? Oder: how to,"Vortrag? Inhaltlich ist das ja ganz gut, aber... Wie man mit einer guten Struktur Inhalte überzeugend präsentiert (Referentin: Fr. Zinn)","Klausurenphase - Verflixt, wie bekomme ich das mit den Aufgabenstellungen hin? (Referent: Hr. Dröge)",Wie verstehe ich Mathe? (Referent: Hr. Müller)
Quitzon,Rusty,5,Wie kommt der Stoff ins Gehirn? Oder: how to,"Klausurenphase - Verflixt, wie bekomme ich das mit den Aufgabenstellungen hin? (Referent: Hr. Dröge)","Naturwissenschaftliche Experimente planen, durchführen und auswerten (Referentin: Fr. Gätsch)",Sicher Ergebnisse sichern - Grundlage Layout (Referentin: Fr. Krusche)
Feest,Nadia,5,Language/Langue/Lengua: Vom Wort zum Text und wieder zurück (Referent: Hr. Nebeling),"Klausurenphase - Verflixt, wie bekomme ich das mit den Aufgabenstellungen hin? (Referent: Hr. Dröge)","Vortrag? Inhaltlich ist das ja ganz gut, aber... Wie man mit einer guten Struktur Inhalte überzeugend präsentiert (Referentin: Fr. Zinn)",Analyse von Karikaturen und Statistiken im gesellschaftswissenschaftlichem Kontext (Referent: Hr. Felka)
Beer,Armando,5,Wie kommt der Stoff ins Gehirn? Oder: how to,Wie verstehe ich Mathe? (Referent: Hr. Müller),"Vortrag? Inhaltlich ist das ja ganz gut, aber... Wie man mit einer guten Struktur Inhalte überzeugend präsentiert (Referentin: Fr. Zinn)",Analyse von Karikaturen und Statistiken im gesellschaftswissenschaftlichem Kontext (Referent: Hr. Felka)
Roob,Fatima,5,Wie kommt der Stoff ins Gehirn? Oder: how to,"Klausurenphase - Verflixt, wie bekomme ich das mit den Aufgabenstellungen hin? (Referent: Hr. Dröge)",Wie verstehe ich Mathe? (Referent: Hr. Müller),Analyse von Karikaturen und Statistiken im gesellschaftswissenschaftlichem Kontext (Referent: Hr. Felka)
Kemmer,Beryl,6,Spiel dich frei! Act it out! (Galli-Akademie),Debattieren – wie überzeuge ich am besten? (Referent: Hr. Fringes),Wie kommt der Stoff ins Gehirn? Oder: how to,"Klausurenphase - Verflixt, wie bekomme ich das mit den Aufgabenstellungen hin? (Referent: Hr. Dröge)"
Brakus,Zita,6,Wie kommt der Stoff ins Gehirn? Oder: how to,"Klausurenphase - Verflixt, wie bekomme ich das mit den Aufgabenstellungen hin? (Referent: Hr. Dröge)","Naturwissenschaftliche Experimente planen, durchführen und auswerten (Referentin: Fr. Gätsch)",Sicher Ergebnisse sichern - Grundlage Layout (Referentin: Fr. Krusche)
Lueilwitz,Benedict,6,Wie verstehe ich Mathe? (Referent: Hr. Müller),"Klausurenphase - Verflixt, wie bekomme ich das mit den Aufgabenstellungen hin? (Referent: Hr. Dröge)",Language/Langue/Lengua: Vom Wort zum Text und wieder zurück (Referent: Hr. Nebeling),Richtig zitieren – aber wie? (Referentin: Fr. Betz)
O'Hara,Steve,6,Language/Langue/Lengua: Vom Wort zum Text und wieder zurück (Referent: Hr. Nebeling),Analyse von Karikaturen und Statistiken im gesellschaftswissenschaftlichem Kontext (Referent: Hr. Felka),Wie kommt der Stoff ins Gehirn? Oder: how to,"Klausurenphase - Verflixt, wie bekomme ich das mit den Aufgabenstellungen hin? (Referent: Hr. Dröge)"
Fisher,Kaleigh,6,Wie verstehe ich Mathe? (Referent: Hr. Müller),Wie kommt der Stoff ins Gehirn? Oder: how to,"Klausurenphase - Verflixt, wie bekomme ich das mit den Aufgabenstellungen hin? (Referent: Hr. Dröge)",Analyse von Karikaturen und Statistiken im gesellschaftswissenschaftlichem Kontext (Referent: Hr. Felka)
Weimann,Bernice,6,"Klausurenphase - Verflixt, wie bekomme ich das mit den Aufgabenstellungen hin? (Referent: Hr. Dröge)",Wie verstehe ich Mathe? (Referent: Hr. Müller),Analyse von Karikaturen und Statistiken im gesellschaftswissenschaftlichem Kontext (Referent: Hr. Felka),"Naturwissenschaftliche Experimente planen, durchführen und auswerten (Referentin: Fr. Gätsch)"
Kassulke,Bernie,6,Wie kommt der Stoff ins Gehirn? Oder: how to,Wie verstehe ich Mathe? (Referent: Hr. Müller),"Vortrag? Inhaltlich ist das ja ganz gut, aber... Wie man mit einer guten Struktur Inhalte überzeugend präsentiert (Referentin: Fr. Zinn)",Analyse von Karikaturen und Statistiken im gesellschaftswissenschaftlichem Kontext (Referent: Hr. Felka)
Prosacco,Gennaro,6,Analyse von Karikaturen und Statistiken im gesellschaftswissenschaftlichem Kontext (Referent: Hr. Felka),Wie kommt der Stoff ins Gehirn? Oder: how to,"Naturwissenschaftliche Experimente planen, durchführen und auswerten (Referentin: Fr. Gätsch)",Language/Langue/Lengua: Vom Wort zum Text und wieder zurück (Referent: Hr. Nebeling)
Wiza,Margaret,6,"Naturwissenschaftliche Experimente planen, durchführen und auswerten (Referentin: Fr. Gätsch)",Wie kommt der Stoff ins Gehirn? Oder: how to,"Lust statt Frust: Prüfungen stark und gelassen meistern! - ein Mitmach-Workshop (Referentin: Andrea Hartel, Lerncoach)",Künstliche Intelligenz als Hilfsmittel in eurem Schulalltag – Lern-Chancen und Risiken (Referent: Hr. Stoffel)
Upton,Kareem,6,Runter mit dem Fehlerindex! (Referent: Hr. Joneleit),Language/Langue/Lengua: Vom Wort zum Text und wieder zurück (Referent: Hr. Nebeling),„Erörtern/Diskutieren/Beurteilen“ – Der Umgang mit Aufgabenstellungen aus dem AFB III (Referentin: Fr. Steinborn),Debattieren – wie überzeuge ich am besten? (Referent: Hr. Fringes)
Roberts,Mallory,6,"Klausurenphase - Verflixt, wie bekomme ich das mit den Aufgabenstellungen hin? (Referent: Hr. Dröge)",Spiel dich frei! Act it out! (Galli-Akademie),Künstliche Intelligenz als Hilfsmittel in eurem Schulalltag – Lern-Chancen und Risiken (Referent: Hr. Stoffel),Runter mit dem Fehlerindex! (Referent: Hr. Joneleit)
Bergstrom,Tyshawn,6,"Naturwissenschaftliche Experimente planen, durchführen und auswerten (Referentin: Fr. Gätsch)",Wie kommt der Stoff ins Gehirn? Oder: how to,Analyse von Karikaturen und Statistiken im gesellschaftswissenschaftlichem Kontext (Referent: Hr. Felka),"Klausurenphase - Verflixt, wie bekomme ich das mit den Aufgabenstellungen hin? (Referent: Hr. Dröge)"
Carroll,Dana,6,Wie verstehe ich Mathe? (Referent: Hr. Müller),"Lust statt Frust: Prüfungen stark und gelassen meistern! - ein Mitmach-Workshop (Referentin: Andrea Hartel, Lerncoach)",Debattieren – wie überzeuge ich am besten? (Referent: Hr. Fringes),"Deliver quality! – Professionell wissenschaftliche Präsentationen gestalten und halten (Referent: Hr. Menzinger, Q3)"
Hettinger,Ramiro,6,Wie kommt der Stoff ins Gehirn? Oder: how to,"Klausurenphase - Verflixt, wie bekomme ich das mit den Aufgabenstellungen hin? (Referent: Hr. Dröge)","Lust statt Frust: Prüfungen stark und gelassen meistern! - ein Mitmach-Workshop (Referentin: Andrea Hartel, Lerncoach)",Debattieren – wie überzeuge ich am besten? (Referent: Hr. Fringes)
McGlynn,Dillon,6,Runter mit dem Fehlerindex! (Referent: Hr. Joneleit),Wie verstehe ich Mathe? (Referent: Hr. Müller),"Klausurenphase - Verflixt, wie bekomme ich das mit den Aufgabenstellungen hin? (Referent: Hr. Dröge)",„Erörtern/Diskutieren/Beurteilen“ – Der Umgang mit Aufgabenstellungen aus dem AFB III (Referentin: Fr. Steinborn)
Murray,Lambert,6,Runter mit dem Fehlerindex! (Referent: Hr. Joneleit),"Lust statt Frust: Prüfungen stark und gelassen meistern! - ein Mitmach-Workshop (Referentin: Andrea Hartel, Lerncoach)",Wie kommt der Stoff ins Gehirn? Oder: how to,Wie verstehe ich Mathe? (Referent: Hr. Müller)
Lakin,Maybelle,6,Spiel dich frei! Act it out! (Galli-Akademie),Debattieren – wie überzeuge ich am besten? (Referent: Hr. Fringes),"Naturwissenschaftliche Experimente planen, durchführen und auswerten (Referentin: Fr. Gätsch)",Künstliche Intelligenz als Hilfsmittel in eurem Schulalltag – Lern-Chancen und Risiken (Referent: Hr. Stoffel)
Krajcik,Tony,6,Runter mit dem Fehlerindex! (Referent: Hr. Joneleit),"Lust statt Frust: Prüfungen stark und gelassen meistern! - ein Mitmach-Workshop (Referentin: Andrea Hartel, Lerncoach)",Wie kommt der Stoff ins Gehirn? Oder: how to,Wie verstehe ich Mathe? (Referent: Hr. Müller)
Brown,Elliot,6,Künstliche Intelligenz als Hilfsmittel in eurem Schulalltag – Lern-Chancen und Risiken (Referent: Hr. Stoffel),Analyse von Karikaturen und Statistiken im gesellschaftswissenschaftlichem Kontext (Referent: Hr. Felka),Wie kommt der Stoff ins Gehirn? Oder: how to,"Deliver quality! – Professionell wissenschaftliche Präsentationen gestalten und halten (Referent: Hr. Menzinger, Q3)"
Pacocha,Vincent,6,Wie kommt der Stoff ins Gehirn? Oder: how to,Runter mit dem Fehlerindex! (Referent: Hr. Joneleit),Debattieren – wie überzeuge ich am besten? (Referent: Hr. Fringes),Künstliche Intelligenz als Hilfsmittel in eurem Schulalltag – Lern-Chancen und Risiken (Referent: Hr. Stoffel)
Carroll,Jocelyn,6,Wie kommt der Stoff ins Gehirn? Oder: how to,„Erörtern/Diskutieren/Beurteilen“ – Der Umgang mit Aufgabenstellungen aus dem AFB III (Referentin: Fr. Steinborn),Runter mit dem Fehlerindex! (Referent: Hr. Joneleit),"Klausurenphase - Verflixt, wie bekomme ich das mit den Aufgabenstellungen hin? (Referent: Hr. Dröge)"
Dare,Marisa,6,Language/Langue/Lengua: Vom Wort zum Text und wieder zurück (Referent: Hr. Nebeling),„Erörtern/Diskutieren/Beurteilen“ – Der Umgang mit Aufgabenstellungen aus dem AFB III (Referentin: Fr. Steinborn),"Deliver quality! – Professionell wissenschaftliche Präsentationen gestalten und halten (Referent: Hr. Menzinger, Q3)","Klausurenphase - Verflixt, wie bekomme ich das mit den Aufgabenstellungen hin? (Referent: Hr. Dröge)"
Gleason,Wilhelm,6,Debattieren – wie überzeuge ich am besten? (Referent: Hr. Fringes),"Naturwissenschaftliche Experimente planen, durchführen und auswerten (Referentin: Fr. Gätsch)","Deliver quality! – Professionell wissenschaftliche Präsentationen gestalten und halten (Referent: Hr. Menzinger, Q3)",Künstliche Intelligenz als Hilfsmittel in eurem Schulalltag – Lern-Chancen und Risiken (Referent: Hr. Stoffel)
Boyle,Benedict,6,Wie kommt der Stoff ins Gehirn? Oder: how to,Language/Langue/Lengua: Vom Wort zum Text und wieder zurück (Referent: Hr. Nebeling),"Naturwissenschaftliche Experimente planen, durchführen und auswerten (Referentin: Fr. Gätsch)",Runter mit dem Fehlerindex! (Referent: Hr. Joneleit)
Bergstrom,Elnora,6,Spiel dich frei! Act it out! (Galli-Akademie),Runter mit dem Fehlerindex! (Referent: Hr. Joneleit),„Erörtern/Diskutieren/Beurteilen“ – Der Umgang mit Aufgabenstellungen aus dem AFB III (Referentin: Fr. Steinborn),Debattieren – wie überzeuge ich am besten? (Referent: Hr. Fringes)
Kreiger,Gus,6,"Naturwissenschaftliche Experimente planen, durchführen und auswerten (Referentin: Fr. Gätsch)",Wie kommt der Stoff ins Gehirn? Oder: how to,"Lust statt Frust: Prüfungen stark und gelassen meistern! - ein Mitmach-Workshop (Referentin: Andrea Hartel, Lerncoach)",Künstliche Intelligenz als Hilfsmittel in eurem Schulalltag – Lern-Chancen und Risiken (Referent: Hr. Stoffel)
Mohr,Elmer,6,Wie verstehe ich Mathe? (Referent: Hr. Müller),"Naturwissenschaftliche Experimente planen, durchführen und auswerten (Referentin: Fr. Gätsch)","Lust statt Frust: Prüfungen stark und gelassen meistern! - ein Mitmach-Workshop (Referentin: Andrea Hartel, Lerncoach)","Klausurenphase - Verflixt, wie bekomme ich das mit den Aufgabenstellungen hin? (Referent: Hr. Dröge)"
Dickinson,Esteban,6,"Lust statt Frust: Prüfungen stark und gelassen meistern! - ein Mitmach-Workshop (Referentin: Andrea Hartel, Lerncoach)",Wie kommt der Stoff ins Gehirn? Oder: how to,Wie verstehe ich Mathe? (Referent: Hr. Müller),Runter mit dem Fehlerindex! (Referent: Hr. Joneleit)
Goyette,Carissa,6,Language/Langue/Lengua: Vom Wort zum Text und wieder zurück (Referent: Hr. Nebeling),"Lust statt Frust: Prüfungen stark und gelassen meistern! - ein Mitmach-Workshop (Referentin: Andrea Hartel, Lerncoach)",„Erörtern/Diskutieren/Beurteilen“ – Der Umgang mit Aufgabenstellungen aus dem AFB III (Referentin: Fr. Steinborn),Analyse von Karikaturen und Statistiken im gesellschaftswissenschaftlichem Kontext (Referent: Hr. Felka)
Schroeder,Randall,6,Künstliche Intelligenz als Hilfsmittel in eurem Schulalltag – Lern-Chancen und Risiken (Referent: Hr. Stoffel),"Deliver quality! – Professionell wissenschaftliche Präsentationen gestalten und halten (Referent: Hr. Menzinger, Q3)",Wie kommt der Stoff ins Gehirn? Oder: how to,Runter mit dem Fehlerindex! (Referent: Hr. Joneleit)
Beahan,Maude,6,Wie kommt der Stoff ins Gehirn? Oder: how to,Runter mit dem Fehlerindex! (Referent: Hr. Joneleit),„Erörtern/Diskutieren/Beurteilen“ – Der Umgang mit Aufgabenstellungen aus dem AFB III (Referentin: Fr. Steinborn),Analyse von Karikaturen und Statistiken im gesellschaftswissenschaftlichem Kontext (Referent: Hr. Felka)
Schaefer,Alison,6,Wie verstehe ich Mathe? (Referent: Hr. Müller),"Klausurenphase - Verflixt, wie bekomme ich das mit den Aufgabenstellungen hin? (Referent: Hr. Dröge)",Wie kommt der Stoff ins Gehirn? Oder: how to,"Lust statt Frust: Prüfungen stark und gelassen meistern! - ein Mitmach-Workshop (Referentin: Andrea Hartel, Lerncoach)"
Bogan,Ryder,6,Spiel dich frei! Act it out! (Galli-Akademie),Debattieren – wie überzeuge ich am besten? (Referent: Hr. Fringes),Künstliche Intelligenz als Hilfsmittel in eurem Schulalltag – Lern-Chancen und Risiken (Referent: Hr. Stoffel),Wie kommt der Stoff ins Gehirn? Oder: how to
Toy,Destany,6,Spiel dich frei! Act it out! (Galli-Akademie),Debattieren – wie überzeuge ich am besten? (Referent: Hr. Fringes),Künstliche Intelligenz als Hilfsmittel in eurem Schulalltag – Lern-Chancen und Risiken (Referent: Hr. Stoffel),Wie kommt der Stoff ins Gehirn? Oder: how to
O'Conner,Bettye,6,"Lust statt Frust: Prüfungen stark und gelassen meistern! - ein Mitmach-Workshop (Referentin: Andrea Hartel, Lerncoach)","Klausurenphase - Verflixt, wie bekomme ich das mit den Aufgabenstellungen hin? (Referent: Hr. Dröge)",Wie kommt der Stoff ins Gehirn? Oder: how to,„Erörtern/Diskutieren/Beurteilen“ – Der Umgang mit Aufgabenstellungen aus dem AFB III (Referentin: Fr. Steinborn)
Kuhlman,Annette,6,Wie kommt der Stoff ins Gehirn? Oder: how to,Debattieren – wie überzeuge ich am besten? (Referent: Hr. Fringes),Künstliche Intelligenz als Hilfsmittel in eurem Schulalltag – Lern-Chancen und Risiken (Referent: Hr. Stoffel),„Erörtern/Diskutieren/Beurteilen“ – Der Umgang mit Aufgabenstellungen aus dem AFB III (Referentin: Fr. Steinborn)
Collins,Irwin,6,Wie kommt der Stoff ins Gehirn? Oder: how to,"Klausurenphase - Verflixt, wie bekomme ich das mit den Aufgabenstellungen hin? (Referent: Hr. Dröge)","Lust statt Frust: Prüfungen stark und gelassen meistern! - ein Mitmach-Workshop (Referentin: Andrea Hartel, Lerncoach)",Debattieren – wie überzeuge ich am besten? (Referent: Hr. Fringes)
Brekke,Elian,6,Künstliche Intelligenz als Hilfsmittel in eurem Schulalltag – Lern-Chancen und Risiken (Referent: Hr. Stoffel),Debattieren – wie überzeuge ich am besten? (Referent: Hr. Fringes),Wie kommt der Stoff ins Gehirn? Oder: how to,"Lust statt Frust: Prüfungen stark und gelassen meistern! - ein Mitmach-Workshop (Referentin: Andrea Hartel, Lerncoach)"
Ullrich,Sharon,6,Spiel dich frei! Act it out! (Galli-Akademie),Debattieren – wie überzeuge ich am besten? (Referent: Hr. Fringes),Runter mit dem Fehlerindex! (Referent: Hr. Joneleit),"Lust statt Frust: Prüfungen stark und gelassen meistern! - ein Mitmach-Workshop (Referentin: Andrea Hartel, Lerncoach)"
Cummings,Estefania,6,Wie kommt der Stoff ins Gehirn? Oder: how to,"Lust statt Frust: Prüfungen stark und gelassen meistern! - ein Mitmach-Workshop (Referentin: Andrea Hartel, Lerncoach)","Klausurenphase - Verflixt, wie bekomme ich das mit den Aufgabenstellungen hin? (Referent: Hr. Dröge)",Debattieren – wie überzeuge ich am besten? (Referent: Hr. Fringes)
Runolfsdottir,Osbaldo,6,Wie kommt der Stoff ins Gehirn? Oder: how to,"Klausurenphase - Verflixt, wie bekomme ich das mit den Aufgabenstellungen hin? (Referent: Hr. Dröge)",Runter mit dem Fehlerindex! (Referent: Hr. Joneleit),Künstliche Intelligenz als Hilfsmittel in eurem Schulalltag – Lern-Chancen und Risiken (Referent: Hr. Stoffel)
Lindgren,Candido,6,Runter mit dem Fehlerindex! (Referent: Hr. Joneleit),Wie kommt der Stoff ins Gehirn? Oder: how to,Analyse von Karikaturen und Statistiken im gesellschaftswissenschaftlichem Kontext (Referent: Hr. Felka),"Naturwissenschaftliche Experimente planen, durchführen und auswerten (Referentin: Fr. Gätsch)"
Nader,Colleen,6,Wie verstehe ich Mathe? (Referent: Hr. Müller),„Erörtern/Diskutieren/Beurteilen“ – Der Umgang mit Aufgabenstellungen aus dem AFB III (Referentin: Fr. Steinborn),Wie kommt der Stoff ins Gehirn? Oder: how to,Spiel dich frei! Act it out! (Galli-Akademie)
Kuhlman,Ole,6,"Lust statt Frust: Prüfungen stark und gelassen meistern! - ein Mitmach-Workshop (Referentin: Andrea Hartel, Lerncoach)",Wie kommt der Stoff ins Gehirn? Oder: how to,Debattieren – wie überzeuge ich am besten? (Referent: Hr. Fringes),"Naturwissenschaftliche Experimente planen, durchführen und auswerten (Referentin: Fr. Gätsch)"
Bartoletti,Zola,6,"Lust statt Frust: Prüfungen stark und gelassen meistern! - ein Mitmach-Workshop (Referentin: Andrea Hartel, Lerncoach)","Klausurenphase - Verflixt, wie bekomme ich das mit den Aufgabenstellungen hin? (Referent: Hr. Dröge)",Wie kommt der Stoff ins Gehirn? Oder: how to,"Deliver quality! – Professionell wissenschaftliche Präsentationen gestalten und halten (Referent: Hr. Menzinger, Q3)"
Lehner,Kiara,6,Spiel dich frei! Act it out! (Galli-Akademie),Wie kommt der Stoff ins Gehirn? Oder: how to,"Naturwissenschaftliche Experimente planen, durchführen und auswerten (Referentin: Fr. Gätsch)","Lust statt Frust: Prüfungen stark und gelassen meistern! - ein Mitmach-Workshop (Referentin: Andrea Hartel, Lerncoach)"