Nachname,Vorname,Klasse,Zeitfenster 1,Zeitfenster 2,Zeitfenster 3,Erfüllte Wünsche
Bartell,Edward,1,„Erörtern/Diskutieren/Beurteilen“ – Der Umgang mit Aufgabenstellungen aus dem AFB III (Referentin: Fr. Steinborn),"Lust statt Frust: Prüfungen stark und gelassen meistern! - ein Mitmach-Workshop (Referentin: Andrea Hartel, Lerncoach)",Language/Langue/Lengua: Vom Wort zum Text und wieder zurück (Referent: Hr. Nebeling),"1,2,3"
Bergnaum,Arianna,1,Debattieren – wie überzeuge ich am besten? (Referent: Hr. Fringes),Analyse von Karikaturen und Statistiken im gesellschaftswissenschaftlichem Kontext (Referent: Hr. Felka),Language/Langue/Lengua: Vom Wort zum Text und wieder zurück (Referent: Hr. Nebeling),"1,2,3"
Boehm,Beryl,1,Wie verstehe ich Mathe? (Referent: Hr. Müller),Wie kommt der Stoff ins Gehirn? Oder: how to,"Klausurenphase - Verflixt, wie bekomme ich das mit den Aufgabenstellungen hin? (Referent: Hr. Dröge)","1,2,3"
Borer,Rafael,1,"Klausurenphase - Verflixt, wie bekomme ich das mit den Aufgabenstellungen hin? (Referent: Hr. Dröge)",Wie kommt der Stoff ins Gehirn? Oder: how to,Richtig zitieren – aber wie? (Referentin: Fr. Betz),"1,2"
Cummerata,Isabel,1,"Deliver quality! – Professionell wissenschaftliche Präsentationen gestalten und halten (Referent: Hr. Menzinger, Q3)",Wie kommt der Stoff ins Gehirn? Oder: how to,Wie verstehe ich Mathe? (Referent: Hr. Müller),"1,2,3"
Dietrich,Kraig,1,Language/Langue/Lengua: Vom Wort zum Text und wieder zurück (Referent: Hr. Nebeling),Richtig zitieren – aber wie? (Referentin: Fr. Betz),"Naturwissenschaftliche Experimente planen, durchführen und auswerten (Referentin: Fr. Gätsch)","1,2"
Glover,Lera,1,Künstliche Intelligenz als Hilfsmittel in eurem Schulalltag – Lern-Chancen und Risiken (Referent: Hr. Stoffel),"Deliver quality! – Professionell wissenschaftliche Präsentationen gestalten und halten (Referent: Hr. Menzinger, Q3)",Debattieren – wie überzeuge ich am besten? (Referent: Hr. Fringes),"1,2,3"
Jacobson,Cletus,1,Künstliche Intelligenz als Hilfsmittel in eurem Schulalltag – Lern-Chancen und Risiken (Referent: Hr. Stoffel),"Deliver quality! – Professionell wissenschaftliche Präsentationen gestalten und halten (Referent: Hr. Menzinger, Q3)","Naturwissenschaftliche Experimente planen, durchführen und auswerten (Referentin: Fr. Gätsch)","1,2,3"
Mraz,Rickey,1,Künstliche Intelligenz als Hilfsmittel in eurem Schulalltag – Lern-Chancen und Risiken (Referent: Hr. Stoffel),Wie verstehe ich Mathe? (Referent: Hr. Müller),"Lust statt Frust: Prüfungen stark und gelassen meistern! - ein Mitmach-Workshop (Referentin: Andrea Hartel, Lerncoach)","1,2,3"
Murazik,Keeley,1,"Klausurenphase - Verflixt, wie bekomme ich das mit den Aufgabenstellungen hin? (Referent: Hr. Dröge)",Wie kommt der Stoff ins Gehirn? Oder: how to,Richtig zitieren – aber wie? (Referentin: Fr. Betz),"1,2"
Orn,Sabina,1,Runter mit dem Fehlerindex! (Referent: Hr. Joneleit),Wie verstehe ich Mathe? (Referent: Hr. Müller),„Erörtern/Diskutieren/Beurteilen“ – Der Umgang mit Aufgabenstellungen aus dem AFB III (Referentin: Fr. Steinborn),"1,2,4"
Raynor,Bernice,1,Language/Langue/Lengua: Vom Wort zum Text und wieder zurück (Referent: Hr. Nebeling),Spiel dich frei! Act it out! (Galli-Akademie),"Klausurenphase - Verflixt, wie bekomme ich das mit den Aufgabenstellungen hin? (Referent: Hr. Dröge)","1,2,3"
Ruecker,Evan,1,Richtig zitieren – aber wie? (Referentin: Fr. Betz),Wie kommt der Stoff ins Gehirn? Oder: how to,"Klausurenphase - Verflixt, wie bekomme ich das mit den Aufgabenstellungen hin? (Referent: Hr. Dröge)","1,2"
Runolfsdottir,Joesph,1,Runter mit dem Fehlerindex! (Referent: Hr. Joneleit),Wie verstehe ich Mathe? (Referent: Hr. Müller),Wie kommt der Stoff ins Gehirn? Oder: how to,"1,2,3"
Vandervort,Cali,1,"Klausurenphase - Verflixt, wie bekomme ich das mit den Aufgabenstellungen hin? (Referent: Hr. Dröge)",Wie kommt der Stoff ins Gehirn? Oder: how to,Richtig zitieren – aber wie? (Referentin: Fr. Betz),"1,2"
Walker,Solon,1,„Erörtern/Diskutieren/Beurteilen“ – Der Umgang mit Aufgabenstellungen aus dem AFB III (Referentin: Fr. Steinborn),Wie kommt der Stoff ins Gehirn? Oder: how to,"Klausurenphase - Verflixt, wie bekomme ich das mit den Aufgabenstellungen hin? (Referent: Hr. Dröge)","1,2,4"
Ward,Filomena,1,Künstliche Intelligenz als Hilfsmittel in eurem Schulalltag – Lern-Chancen und Risiken (Referent: Hr. Stoffel),Debattieren – wie überzeuge ich am besten? (Referent: Hr. Fringes),Spiel dich frei! Act it out! (Galli-Akademie),"1,2,3"
Weber,Krystel,1,Richtig zitieren – aber wie? (Referentin: Fr. Betz),"Deliver quality! – Professionell wissenschaftliche Präsentationen gestalten und halten (Referent: Hr. Menzinger, Q3)",Künstliche Intelligenz als Hilfsmittel in eurem Schulalltag – Lern-Chancen und Risiken (Referent: Hr. Stoffel),"1,3"
Wolf,Arthur,1,Analyse von Karikaturen und Statistiken im gesellschaftswissenschaftlichem Kontext (Referent: Hr. Felka),Richtig zitieren – aber wie? (Referentin: Fr. Betz),"Deliver quality! – Professionell wissenschaftliche Präsentationen gestalten und halten (Referent: Hr. Menzinger, Q3)","1,2"
Christiansen,Adolph,2,"Lust statt Frust: Prüfungen stark und gelassen meistern! - ein Mitmach-Workshop (Referentin: Andrea Hartel, Lerncoach)","Vortrag? Inhaltlich ist das ja ganz gut, aber... Wie man mit einer guten Struktur Inhalte überzeugend präsentiert (Referentin: Fr. Zinn)","Deliver quality! – Professionell wissenschaftliche Präsentationen gestalten und halten (Referent: Hr. Menzinger, Q3)","1,3"
DuBuque,Trent,2,Künstliche Intelligenz als Hilfsmittel in eurem Schulalltag – Lern-Chancen und Risiken (Referent: Hr. Stoffel),Analyse von Karikaturen und Statistiken im gesellschaftswissenschaftlichem Kontext (Referent: Hr. Felka),"Deliver quality! – Professionell wissenschaftliche Präsentationen gestalten und halten (Referent: Hr. Menzinger, Q3)","1,2,3"
Feeney,Nickolas,2,Language/Langue/Lengua: Vom Wort zum Text und wieder zurück (Referent: Hr. Nebeling),Künstliche Intelligenz als Hilfsmittel in eurem Schulalltag – Lern-Chancen und Risiken (Referent: Hr. Stoffel),Debattieren – wie überzeuge ich am besten? (Referent: Hr. Fringes),"1,2,3"
Goodwin,Anne,2,Analyse von Karikaturen und Statistiken im gesellschaftswissenschaftlichem Kontext (Referent: Hr. Felka),Language/Langue/Lengua: Vom Wort zum Text und wieder zurück (Referent: Hr. Nebeling),Runter mit dem Fehlerindex! (Referent: Hr. Joneleit),"1,2,4"
Goyette,Nicklaus,2,Künstliche Intelligenz als Hilfsmittel in eurem Schulalltag – Lern-Chancen und Risiken (Referent: Hr. Stoffel),„Erörtern/Diskutieren/Beurteilen“ – Der Umgang mit Aufgabenstellungen aus dem AFB III (Referentin: Fr. Steinborn),"Deliver quality! – Professionell wissenschaftliche Präsentationen gestalten und halten (Referent: Hr. Menzinger, Q3)","1,2,3"
Grant,Ines,2,"Vortrag? Inhaltlich ist das ja ganz gut, aber... Wie man mit einer guten Struktur Inhalte überzeugend präsentiert (Referentin: Fr. Zinn)","Lust statt Frust: Prüfungen stark und gelassen meistern! - ein Mitmach-Workshop (Referentin: Andrea Hartel, Lerncoach)",Spiel dich frei! Act it out! (Galli-Akademie),"1,2"
Gusikowski,Eleonore,2,"Deliver quality! – Professionell wissenschaftliche Präsentationen gestalten und halten (Referent: Hr. Menzinger, Q3)","Klausurenphase - Verflixt, wie bekomme ich das mit den Aufgabenstellungen hin? (Referent: Hr. Dröge)",Wie kommt der Stoff ins Gehirn? Oder: how to,"1,2,3"
Hauck,Marie,2,Language/Langue/Lengua: Vom Wort zum Text und wieder zurück (Referent: Hr. Nebeling),"Lust statt Frust: Prüfungen stark und gelassen meistern! - ein Mitmach-Workshop (Referentin: Andrea Hartel, Lerncoach)",Richtig zitieren – aber wie? (Referentin: Fr. Betz),"1,4"
Herman,Christiana,2,Debattieren – wie überzeuge ich am besten? (Referent: Hr. Fringes),Spiel dich frei! Act it out! (Galli-Akademie),Künstliche Intelligenz als Hilfsmittel in eurem Schulalltag – Lern-Chancen und Risiken (Referent: Hr. Stoffel),"1,2,3"
Kautzer,Nelda,2,"Lust statt Frust: Prüfungen stark und gelassen meistern! - ein Mitmach-Workshop (Referentin: Andrea Hartel, Lerncoach)",Runter mit dem Fehlerindex! (Referent: Hr. Joneleit),"Vortrag? Inhaltlich ist das ja ganz gut, aber... Wie man mit einer guten Struktur Inhalte überzeugend präsentiert (Referentin: Fr. Zinn)","1,3"
Kiehn,Leo,2,Debattieren – wie überzeuge ich am besten? (Referent: Hr. Fringes),Wie kommt der Stoff ins Gehirn? Oder: how to,"Klausurenphase - Verflixt, wie bekomme ich das mit den Aufgabenstellungen hin? (Referent: Hr. Dröge)","1,2,3"
Kihn,Aimee,2,"Klausurenphase - Verflixt, wie bekomme ich das mit den Aufgabenstellungen hin? (Referent: Hr. Dröge)","Vortrag? Inhaltlich ist das ja ganz gut, aber... Wie man mit einer guten Struktur Inhalte überzeugend präsentiert (Referentin: Fr. Zinn)",Analyse von Karikaturen und Statistiken im gesellschaftswissenschaftlichem Kontext (Referent: Hr. Felka),"1,2,3"
Legros,Kaden,2,Analyse von Karikaturen und Statistiken im gesellschaftswissenschaftlichem Kontext (Referent: Hr. Felka),Runter mit dem Fehlerindex! (Referent: Hr. Joneleit),Sicher Ergebnisse sichern - Grundlage Layout (Referentin: Fr. Krusche),"1,3"
Mitchell,Norberto,2,Language/Langue/Lengua: Vom Wort zum Text und wieder zurück (Referent: Hr. Nebeling),Wie kommt der Stoff ins Gehirn? Oder: how to,"Klausurenphase - Verflixt, wie bekomme ich das mit den Aufgabenstellungen hin? (Referent: Hr. Dröge)","1,2,3"
Parker,Brenda,2,"Lust statt Frust: Prüfungen stark und gelassen meistern! - ein Mitmach-Workshop (Referentin: Andrea Hartel, Lerncoach)","Deliver quality! – Professionell wissenschaftliche Präsentationen gestalten und halten (Referent: Hr. Menzinger, Q3)",Wie verstehe ich Mathe? (Referent: Hr. Müller),"1,3,4"
Ritchie,Niko,2,"Vortrag? Inhaltlich ist das ja ganz gut, aber... Wie man mit einer guten Struktur Inhalte überzeugend präsentiert (Referentin: Fr. Zinn)",Runter mit dem Fehlerindex! (Referent: Hr. Joneleit),"Lust statt Frust: Prüfungen stark und gelassen meistern! - ein Mitmach-Workshop (Referentin: Andrea Hartel, Lerncoach)","1,2"
Roob,Scot,2,"Lust statt Frust: Prüfungen stark und gelassen meistern! - ein Mitmach-Workshop (Referentin: Andrea Hartel, Lerncoach)",Wie kommt der Stoff ins Gehirn? Oder: how to,Language/Langue/Lengua: Vom Wort zum Text und wieder zurück (Referent: Hr. Nebeling),"1,2,3"
Sawayn,Donnie,2,"Deliver quality! – Professionell wissenschaftliche Präsentationen gestalten und halten (Referent: Hr. Menzinger, Q3)",Wie verstehe ich Mathe? (Referent: Hr. Müller),Sicher Ergebnisse sichern - Grundlage Layout (Referentin: Fr. Krusche),"1,3"
Skiles,Walker,2,Debattieren – wie überzeuge ich am besten? (Referent: Hr. Fringes),Runter mit dem Fehlerindex! (Referent: Hr. Joneleit),„Erörtern/Diskutieren/Beurteilen“ – Der Umgang mit Aufgabenstellungen aus dem AFB III (Referentin: Fr. Steinborn),"1,2,3"
Torphy,Arnoldo,2,Language/Langue/Lengua: Vom Wort zum Text und wieder zurück (Referent: Hr. Nebeling),Runter mit dem Fehlerindex! (Referent: Hr. Joneleit),"Lust statt Frust: Prüfungen stark und gelassen meistern! - ein Mitmach-Workshop (Referentin: Andrea Hartel, Lerncoach)","1,2,3"
Ullrich,Albina,2,"Deliver quality! – Professionell wissenschaftliche Präsentationen gestalten und halten (Referent: Hr. Menzinger, Q3)",Künstliche Intelligenz als Hilfsmittel in eurem Schulalltag – Lern-Chancen und Risiken (Referent: Hr. Stoffel),"Lust statt Frust: Prüfungen stark und gelassen meistern! - ein Mitmach-Workshop (Referentin: Andrea Hartel, Lerncoach)","1,2,3"
Von,Kristina,2,Language/Langue/Lengua: Vom Wort zum Text und wieder zurück (Referent: Hr. Nebeling),"Klausurenphase - Verflixt, wie bekomme ich das mit den Aufgabenstellungen hin? (Referent: Hr. Dröge)",Analyse von Karikaturen und Statistiken im gesellschaftswissenschaftlichem Kontext (Referent: Hr. Felka),"1,2,3"
Wunsch,Allene,2,Richtig zitieren – aber wie? (Referentin: Fr. Betz),"Lust statt Frust: Prüfungen stark und gelassen meistern! - ein Mitmach-Workshop (Referentin: Andrea Hartel, Lerncoach)",Runter mit dem Fehlerindex! (Referent: Hr. Joneleit),"1,2"
Crooks,Rosanna,3,Analyse von Karikaturen und Statistiken im gesellschaftswissenschaftlichem Kontext (Referent: Hr. Felka),Runter mit dem Fehlerindex! (Referent: Hr. Joneleit),"Lust statt Frust: Prüfungen stark und gelassen meistern! - ein Mitmach-Workshop (Referentin: Andrea Hartel, Lerncoach)","1,2,3"
Douglas,Jada,3,Künstliche Intelligenz als Hilfsmittel in eurem Schulalltag – Lern-Chancen und Risiken (Referent: Hr. Stoffel),Runter mit dem Fehlerindex! (Referent: Hr. Joneleit),"Klausurenphase - Verflixt, wie bekomme ich das mit den Aufgabenstellungen hin? (Referent: Hr. Dröge)","1,2,3"
Goldner,Irma,3,Runter mit dem Fehlerindex! (Referent: Hr. Joneleit),"Deliver quality! – Professionell wissenschaftliche Präsentationen gestalten und halten (Referent: Hr. Menzinger, Q3)",Analyse von Karikaturen und Statistiken im gesellschaftswissenschaftlichem Kontext (Referent: Hr. Felka),"1,2,4"
Gulgowski,Elvera,3,Spiel dich frei! Act it out! (Galli-Akademie),Sicher Ergebnisse sichern - Grundlage Layout (Referentin: Fr. Krusche),"Deliver quality! – Professionell wissenschaftliche Präsentationen gestalten und halten (Referent: Hr. Menzinger, Q3)","1,2"
Halvorson,Beaulah,3,Wie kommt der Stoff ins Gehirn? Oder: how to,Debattieren – wie überzeuge ich am besten? (Referent: Hr. Fringes),Sicher Ergebnisse sichern - Grundlage Layout (Referentin: Fr. Krusche),"1,2"
Harvey,Kassandra,3,Debattieren – wie überzeuge ich am besten? (Referent: Hr. Fringes),Spiel dich frei! Act it out! (Galli-Akademie),"Deliver quality! – Professionell wissenschaftliche Präsentationen gestalten und halten (Referent: Hr. Menzinger, Q3)","1,2,3"
Hoppe,Destany,3,Wie verstehe ich Mathe? (Referent: Hr. Müller),Analyse von Karikaturen und Statistiken im gesellschaftswissenschaftlichem Kontext (Referent: Hr. Felka),Künstliche Intelligenz als Hilfsmittel in eurem Schulalltag – Lern-Chancen und Risiken (Referent: Hr. Stoffel),"1,2,4"
Labadie,Chasity,3,Künstliche Intelligenz als Hilfsmittel in eurem Schulalltag – Lern-Chancen und Risiken (Referent: Hr. Stoffel),Runter mit dem Fehlerindex! (Referent: Hr. Joneleit),Language/Langue/Lengua: Vom Wort zum Text und wieder zurück (Referent: Hr. Nebeling),"1,2,3"
Larson,Maritza,3,Runter mit dem Fehlerindex! (Referent: Hr. Joneleit),Language/Langue/Lengua: Vom Wort zum Text und wieder zurück (Referent: Hr. Nebeling),Sicher Ergebnisse sichern - Grundlage Layout (Referentin: Fr. Krusche),"1,3"
Reichel,Pearlie,3,"Deliver quality! – Professionell wissenschaftliche Präsentationen gestalten und halten (Referent: Hr. Menzinger, Q3)","Vortrag? Inhaltlich ist das ja ganz gut, aber... Wie man mit einer guten Struktur Inhalte überzeugend präsentiert (Referentin: Fr. Zinn)",Sicher Ergebnisse sichern - Grundlage Layout (Referentin: Fr. Krusche),1
Shanahan,Brenden,3,Wie kommt der Stoff ins Gehirn? Oder: how to,Wie verstehe ich Mathe? (Referent: Hr. Müller),"Lust statt Frust: Prüfungen stark und gelassen meistern! - ein Mitmach-Workshop (Referentin: Andrea Hartel, Lerncoach)","1,2,3"
Skiles,Abbey,3,„Erörtern/Diskutieren/Beurteilen“ – Der Umgang mit Aufgabenstellungen aus dem AFB III (Referentin: Fr. Steinborn),"Deliver quality! – Professionell wissenschaftliche Präsentationen gestalten und halten (Referent: Hr. Menzinger, Q3)",Analyse von Karikaturen und Statistiken im gesellschaftswissenschaftlichem Kontext (Referent: Hr. Felka),"1,2,3"
Turner,Jose,3,Runter mit dem Fehlerindex! (Referent: Hr. Joneleit),"Klausurenphase - Verflixt, wie bekomme ich das mit den Aufgabenstellungen hin? (Referent: Hr. Dröge)",„Erörtern/Diskutieren/Beurteilen“ – Der Umgang mit Aufgabenstellungen aus dem AFB III (Referentin: Fr. Steinborn),"1,2,3"
Walsh,Aurelia,3,"Deliver quality! – Professionell wissenschaftliche Präsentationen gestalten und halten (Referent: Hr. Menzinger, Q3)",Analyse von Karikaturen und Statistiken im gesellschaftswissenschaftlichem Kontext (Referent: Hr. Felka),Debattieren – wie überzeuge ich am besten? (Referent: Hr. Fringes),"1,2,3"
Abernathy,Florian,4,"Vortrag? Inhaltlich ist das ja ganz gut, aber... Wie man mit einer guten Struktur Inhalte überzeugend präsentiert (Referentin: Fr. Zinn)",Künstliche Intelligenz als Hilfsmittel in eurem Schulalltag – Lern-Chancen und Risiken (Referent: Hr. Stoffel),"Deliver quality! – Professionell wissenschaftliche Präsentationen gestalten und halten (Referent: Hr. Menzinger, Q3)","1,2"
Blick,Zachery,4,Wie verstehe ich Mathe? (Referent: Hr. Müller),"Lust statt Frust: Prüfungen stark und gelassen meistern! - ein Mitmach-Workshop (Referentin: Andrea Hartel, Lerncoach)","Vortrag? Inhaltlich ist das ja ganz gut, aber... Wie man mit einer guten Struktur Inhalte überzeugend präsentiert (Referentin: Fr. Zinn)","1,3"
Crooks,Vince,4,Wie kommt der Stoff ins Gehirn? Oder: how to,Künstliche Intelligenz als Hilfsmittel in eurem Schulalltag – Lern-Chancen und Risiken (Referent: Hr. Stoffel),Wie verstehe ich Mathe? (Referent: Hr. Müller),"1,2,3"
Funk,Jaqueline,4,"Vortrag? Inhaltlich ist das ja ganz gut, aber... Wie man mit einer guten Struktur Inhalte überzeugend präsentiert (Referentin: Fr. Zinn)","Lust statt Frust: Prüfungen stark und gelassen meistern! - ein Mitmach-Workshop (Referentin: Andrea Hartel, Lerncoach)",Runter mit dem Fehlerindex! (Referent: Hr. Joneleit),"1,2"
Hahn,Augustine,4,"Lust statt Frust: Prüfungen stark und gelassen meistern! - ein Mitmach-Workshop (Referentin: Andrea Hartel, Lerncoach)",Language/Langue/Lengua: Vom Wort zum Text und wieder zurück (Referent: Hr. Nebeling),„Erörtern/Diskutieren/Beurteilen“ – Der Umgang mit Aufgabenstellungen aus dem AFB III (Referentin: Fr. Steinborn),"1,3,4"
Halvorson,Scarlett,4,"Lust statt Frust: Prüfungen stark und gelassen meistern! - ein Mitmach-Workshop (Referentin: Andrea Hartel, Lerncoach)",Language/Langue/Lengua: Vom Wort zum Text und wieder zurück (Referent: Hr. Nebeling),„Erörtern/Diskutieren/Beurteilen“ – Der Umgang mit Aufgabenstellungen aus dem AFB III (Referentin: Fr. Steinborn),"1,2,3"
Hamill,Letha,4,"Naturwissenschaftliche Experimente planen, durchführen und auswerten (Referentin: Fr. Gätsch)",„Erörtern/Diskutieren/Beurteilen“ – Der Umgang mit Aufgabenstellungen aus dem AFB III (Referentin: Fr. Steinborn),Debattieren – wie überzeuge ich am besten? (Referent: Hr. Fringes),"1,2,3"
Jakubowski,Estrella,4,"Naturwissenschaftliche Experimente planen, durchführen und auswerten (Referentin: Fr. Gätsch)","Deliver quality! – Professionell wissenschaftliche Präsentationen gestalten und halten (Referent: Hr. Menzinger, Q3)",Künstliche Intelligenz als Hilfsmittel in eurem Schulalltag – Lern-Chancen und Risiken (Referent: Hr. Stoffel),"1,2,4"
Jenkins,Valerie,4,Wie verstehe ich Mathe? (Referent: Hr. Müller),"Lust statt Frust: Prüfungen stark und gelassen meistern! - ein Mitmach-Workshop (Referentin: Andrea Hartel, Lerncoach)",Language/Langue/Lengua: Vom Wort zum Text und wieder zurück (Referent: Hr. Nebeling),"1,3,4"
Jerde,Bobby,4,"Deliver quality! – Professionell wissenschaftliche Präsentationen gestalten und halten (Referent: Hr. Menzinger, Q3)",Künstliche Intelligenz als Hilfsmittel in eurem Schulalltag – Lern-Chancen und Risiken (Referent: Hr. Stoffel),Sicher Ergebnisse sichern - Grundlage Layout (Referentin: Fr. Krusche),"1,3"
Langosh,Dulce,4,Analyse von Karikaturen und Statistiken im gesellschaftswissenschaftlichem Kontext (Referent: Hr. Felka),"Deliver quality! – Professionell wissenschaftliche Präsentationen gestalten und halten (Referent: Hr. Menzinger, Q3)",Künstliche Intelligenz als Hilfsmittel in eurem Schulalltag – Lern-Chancen und Risiken (Referent: Hr. Stoffel),"1,2,3"
Larkin,Garfield,4,Analyse von Karikaturen und Statistiken im gesellschaftswissenschaftlichem Kontext (Referent: Hr. Felka),Künstliche Intelligenz als Hilfsmittel in eurem Schulalltag – Lern-Chancen und Risiken (Referent: Hr. Stoffel),Wie verstehe ich Mathe? (Referent: Hr. Müller),"1,2,4"
Monahan,Amina,4,"Deliver quality! – Professionell wissenschaftliche Präsentationen gestalten und halten (Referent: Hr. Menzinger, Q3)",Wie kommt der Stoff ins Gehirn? Oder: how to,Analyse von Karikaturen und Statistiken im gesellschaftswissenschaftlichem Kontext (Referent: Hr. Felka),"1,2,3"
Morissette,Sister,4,„Erörtern/Diskutieren/Beurteilen“ – Der Umgang mit Aufgabenstellungen aus dem AFB III (Referentin: Fr. Steinborn),"Lust statt Frust: Prüfungen stark und gelassen meistern! - ein Mitmach-Workshop (Referentin: Andrea Hartel, Lerncoach)",Richtig zitieren – aber wie? (Referentin: Fr. Betz),"1,3"
O'Hara,Oscar,4,Künstliche Intelligenz als Hilfsmittel in eurem Schulalltag – Lern-Chancen und Risiken (Referent: Hr. Stoffel),Debattieren – wie überzeuge ich am besten? (Referent: Hr. Fringes),Language/Langue/Lengua: Vom Wort zum Text und wieder zurück (Referent: Hr. Nebeling),"1,2,3"
Renner,Amara,4,Künstliche Intelligenz als Hilfsmittel in eurem Schulalltag – Lern-Chancen und Risiken (Referent: Hr. Stoffel),Debattieren – wie überzeuge ich am besten? (Referent: Hr. Fringes),Language/Langue/Lengua: Vom Wort zum Text und wieder zurück (Referent: Hr. Nebeling),"1,2,3"
Schaden,Sharon,4,Wie verstehe ich Mathe? (Referent: Hr. Müller),Analyse von Karikaturen und Statistiken im gesellschaftswissenschaftlichem Kontext (Referent: Hr. Felka),Künstliche Intelligenz als Hilfsmittel in eurem Schulalltag – Lern-Chancen und Risiken (Referent: Hr. Stoffel),"1,2,3"
Schiller,Philip,4,"Deliver quality! – Professionell wissenschaftliche Präsentationen gestalten und halten (Referent: Hr. Menzinger, Q3)",Künstliche Intelligenz als Hilfsmittel in eurem Schulalltag – Lern-Chancen und Risiken (Referent: Hr. Stoffel),Analyse von Karikaturen und Statistiken im gesellschaftswissenschaftlichem Kontext (Referent: Hr. Felka),"1,2,3"
Schmitt,Ardella,4,Analyse von Karikaturen und Statistiken im gesellschaftswissenschaftlichem Kontext (Referent: Hr. Felka),Debattieren – wie überzeuge ich am besten? (Referent: Hr. Fringes),Language/Langue/Lengua: Vom Wort zum Text und wieder zurück (Referent: Hr. Nebeling),"1,2,3"
Stroman,Daniella,4,"Lust statt Frust: Prüfungen stark und gelassen meistern! - ein Mitmach-Workshop (Referentin: Andrea Hartel, Lerncoach)",Wie kommt der Stoff ins Gehirn? Oder: how to,Wie verstehe ich Mathe? (Referent: Hr. Müller),"1,2,3"
Treutel,Reymundo,4,Debattieren – wie überzeuge ich am besten? (Referent: Hr. Fringes),Language/Langue/Lengua: Vom Wort zum Text und wieder zurück (Referent: Hr. Nebeling),Runter mit dem Fehlerindex! (Referent: Hr. Joneleit),"1,2,3"
Waters,Della,4,Debattieren – wie überzeuge ich am besten? (Referent: Hr. Fringes),"Lust statt Frust: Prüfungen stark und gelassen meistern! - ein Mitmach-Workshop (Referentin: Andrea Hartel, Lerncoach)",„Erörtern/Diskutieren/Beurteilen“ – Der Umgang mit Aufgabenstellungen aus dem AFB III (Referentin: Fr. Steinborn),"1,3,4"
Welch,Rick,4,Spiel dich frei! Act it out! (Galli-Akademie),"Klausurenphase - Verflixt, wie bekomme ich das mit den Aufgabenstellungen hin? (Referent: Hr. Dröge)",Language/Langue/Lengua: Vom Wort zum Text und wieder zurück (Referent: Hr. Nebeling),"1,2,3"
Wolff,Landen,4,Wie kommt der Stoff ins Gehirn? Oder: how to,Künstliche Intelligenz als Hilfsmittel in eurem Schulalltag – Lern-Chancen und Risiken (Referent: Hr. Stoffel),Debattieren – wie überzeuge ich am besten? (Referent: Hr. Fringes),"1,2,3"
Aufderhar,Florencio,5,Language/Langue/Lengua: Vom Wort zum Text und wieder zurück (Referent: Hr. Nebeling),Sicher Ergebnisse sichern - Grundlage Layout (Referentin: Fr. Krusche),"Klausurenphase - Verflixt, wie bekomme ich das mit den Aufgabenstellungen hin? (Referent: Hr. Dröge)","1,3"
Bauch,Abigayle,5,Debattieren – wie überzeuge ich am besten? (Referent: Hr. Fringes),Language/Langue/Lengua: Vom Wort zum Text und wieder zurück (Referent: Hr. Nebeling),Künstliche Intelligenz als Hilfsmittel in eurem Schulalltag – Lern-Chancen und Risiken (Referent: Hr. Stoffel),"1,2,3"
Beer,Armando,5,Wie kommt der Stoff ins Gehirn? Oder: how to,"Vortrag? Inhaltlich ist das ja ganz gut, aber... Wie man mit einer guten Struktur Inhalte überzeugend präsentiert (Referentin: Fr. Zinn)",Wie verstehe ich Mathe? (Referent: Hr. Müller),"1,2,3"
Blick,Catalina,5,Wie kommt der Stoff ins Gehirn? Oder: how to,Künstliche Intelligenz als Hilfsmittel in eurem Schulalltag – Lern-Chancen und Risiken (Referent: Hr. Stoffel),Debattieren – wie überzeuge ich am besten? (Referent: Hr. Fringes),"1,2,3"
Boehm,Elisha,5,Wie kommt der Stoff ins Gehirn? Oder: how to,"Vortrag? Inhaltlich ist das ja ganz gut, aber... Wie man mit einer guten Struktur Inhalte überzeugend präsentiert (Referentin: Fr. Zinn)","Klausurenphase - Verflixt, wie bekomme ich das mit den Aufgabenstellungen hin? (Referent: Hr. Dröge)","1,2,3"
Bradtke,Lilly,5,Spiel dich frei! Act it out! (Galli-Akademie),"Deliver quality! – Professionell wissenschaftliche Präsentationen gestalten und halten (Referent: Hr. Menzinger, Q3)",Debattieren – wie überzeuge ich am besten? (Referent: Hr. Fringes),"1,2,3"
Crist,Reynold,5,"Deliver quality! – Professionell wissenschaftliche Präsentationen gestalten und halten (Referent: Hr. Menzinger, Q3)",Debattieren – wie überzeuge ich am besten? (Referent: Hr. Fringes),Analyse von Karikaturen und Statistiken im gesellschaftswissenschaftlichem Kontext (Referent: Hr. Felka),"1,2,4"
Emard,Imelda,5,"Deliver quality! – Professionell wissenschaftliche Präsentationen gestalten und halten (Referent: Hr. Menzinger, Q3)",Language/Langue/Lengua: Vom Wort zum Text und wieder zurück (Referent: Hr. Nebeling),"Lust statt Frust: Prüfungen stark und gelassen meistern! - ein Mitmach-Workshop (Referentin: Andrea Hartel, Lerncoach)","1,2,3"
Feest,Nadia,5,"Vortrag? Inhaltlich ist das ja ganz gut, aber... Wie man mit einer guten Struktur Inhalte überzeugend präsentiert (Referentin: Fr. Zinn)",Language/Langue/Lengua: Vom Wort zum Text und wieder zurück (Referent: Hr. Nebeling),"Klausurenphase - Verflixt, wie bekomme ich das mit den Aufgabenstellungen hin? (Referent: Hr. Dröge)","1,2,3"
Gulgowski,Marley,5,Runter mit dem Fehlerindex! (Referent: Hr. Joneleit),Künstliche Intelligenz als Hilfsmittel in eurem Schulalltag – Lern-Chancen und Risiken (Referent: Hr. Stoffel),Debattieren – wie überzeuge ich am besten? (Referent: Hr. Fringes),"1,2,3"
Hettinger,Tate,5,Language/Langue/Lengua: Vom Wort zum Text und wieder zurück (Referent: Hr. Nebeling),Runter mit dem Fehlerindex! (Referent: Hr. Joneleit),Analyse von Karikaturen und Statistiken im gesellschaftswissenschaftlichem Kontext (Referent: Hr. Felka),"1,2,4"
Hudson,Newton,5,Wie verstehe ich Mathe? (Referent: Hr. Müller),"Deliver quality! – Professionell wissenschaftliche Präsentationen gestalten und halten (Referent: Hr. Menzinger, Q3)",„Erörtern/Diskutieren/Beurteilen“ – Der Umgang mit Aufgabenstellungen aus dem AFB III (Referentin: Fr. Steinborn),"1,2,3"
Kuhic,Mckenzie,5,"Naturwissenschaftliche Experimente planen, durchführen und auswerten (Referentin: Fr. Gätsch)",Runter mit dem Fehlerindex! (Referent: Hr. Joneleit),Künstliche Intelligenz als Hilfsmittel in eurem Schulalltag – Lern-Chancen und Risiken (Referent: Hr. Stoffel),"1,2,3"
Kunde,Marianna,5,Language/Langue/Lengua: Vom Wort zum Text und wieder zurück (Referent: Hr. Nebeling),Analyse von Karikaturen und Statistiken im gesellschaftswissenschaftlichem Kontext (Referent: Hr. Felka),Wie verstehe ich Mathe? (Referent: Hr. Müller),"1,3,4"
Larson,Dominique,5,Analyse von Karikaturen und Statistiken im gesellschaftswissenschaftlichem Kontext (Referent: Hr. Felka),"Deliver quality! – Professionell wissenschaftliche Präsentationen gestalten und halten (Referent: Hr. Menzinger, Q3)",Wie verstehe ich Mathe? (Referent: Hr. Müller),"1,2,3"
Moore,Ocie,5,Wie verstehe ich Mathe? (Referent: Hr. Müller),Künstliche Intelligenz als Hilfsmittel in eurem Schulalltag – Lern-Chancen und Risiken (Referent: Hr. Stoffel),Runter mit dem Fehlerindex! (Referent: Hr. Joneleit),"1,2,3"
Quitzon,Rusty,5,"Klausurenphase - Verflixt, wie bekomme ich das mit den Aufgabenstellungen hin? (Referent: Hr. Dröge)","Naturwissenschaftliche Experimente planen, durchführen und auswerten (Referentin: Fr. Gätsch)",Wie kommt der Stoff ins Gehirn? Oder: how to,"1,2,3"
Roob,Fatima,5,Wie verstehe ich Mathe? (Referent: Hr. Müller),"Klausurenphase - Verflixt, wie bekomme ich das mit den Aufgabenstellungen hin? (Referent: Hr. Dröge)",Wie kommt der Stoff ins Gehirn? Oder: how to,"1,2,3"
Senger,Sasha,5,Debattieren – wie überzeuge ich am besten? (Referent: Hr. Fringes),Spiel dich frei! Act it out! (Galli-Akademie),Künstliche Intelligenz als Hilfsmittel in eurem Schulalltag – Lern-Chancen und Risiken (Referent: Hr. Stoffel),"1,2,3"
Shanahan,Carolyn,5,"Klausurenphase - Verflixt, wie bekomme ich das mit den Aufgabenstellungen hin? (Referent: Hr. Dröge)",Analyse von Karikaturen und Statistiken im gesellschaftswissenschaftlichem Kontext (Referent: Hr. Felka),Wie kommt der Stoff ins Gehirn? Oder: how to,"1,2,3"
Spencer,Ethan,5,Analyse von Karikaturen und Statistiken im gesellschaftswissenschaftlichem Kontext (Referent: Hr. Felka),Language/Langue/Lengua: Vom Wort zum Text und wieder zurück (Referent: Hr. Nebeling),Wie verstehe ich Mathe? (Referent: Hr. Müller),"1,2,4"
Stamm,Hans,5,"Lust statt Frust: Prüfungen stark und gelassen meistern! - ein Mitmach-Workshop (Referentin: Andrea Hartel, Lerncoach)",Richtig zitieren – aber wie? (Referentin: Fr. Betz),Wie verstehe ich Mathe? (Referent: Hr. Müller),"1,3"
Stark,Adrienne,5,"Naturwissenschaftliche Experimente planen, durchführen und auswerten (Referentin: Fr. Gätsch)",Analyse von Karikaturen und Statistiken im gesellschaftswissenschaftlichem Kontext (Referent: Hr. Felka),Debattieren – wie überzeuge ich am besten? (Referent: Hr. Fringes),"1,2,3"
Stroman,Jakayla,5,Debattieren – wie überzeuge ich am besten? (Referent: Hr. Fringes),Spiel dich frei! Act it out! (Galli-Akademie),"Vortrag? Inhaltlich ist das ja ganz gut, aber... Wie man mit einer guten Struktur Inhalte überzeugend präsentiert (Referentin: Fr. Zinn)","1,2"
Volkman,Kobe,5,Richtig zitieren – aber wie? (Referentin: Fr. Betz),Wie verstehe ich Mathe? (Referent: Hr. Müller),"Deliver quality! – Professionell wissenschaftliche Präsentationen gestalten und halten (Referent: Hr. Menzinger, Q3)","1,2"
Walsh,Karianne,5,Wie kommt der Stoff ins Gehirn? Oder: how to,"Klausurenphase - Verflixt, wie bekomme ich das mit den Aufgabenstellungen hin? (Referent: Hr. Dröge)","Deliver quality! – Professionell wissenschaftliche Präsentationen gestalten und halten (Referent: Hr. Menzinger, Q3)","1,2,4"
White,Orland,5,"Lust statt Frust: Prüfungen stark und gelassen meistern! - ein Mitmach-Workshop (Referentin: Andrea Hartel, Lerncoach)",Sicher Ergebnisse sichern - Grundlage Layout (Referentin: Fr. Krusche),Runter mit dem Fehlerindex! (Referent: Hr. Joneleit),"1,2"
Zemlak,Morris,5,"Naturwissenschaftliche Experimente planen, durchführen und auswerten (Referentin: Fr. Gätsch)",Wie verstehe ich Mathe? (Referent: Hr. Müller),Analyse von Karikaturen und Statistiken im gesellschaftswissenschaftlichem Kontext (Referent: Hr. Felka),"1,2,3"
Ziemann,Kristofer,5,Runter mit dem Fehlerindex! (Referent: Hr. Joneleit),"Lust statt Frust: Prüfungen stark und gelassen meistern! - ein Mitmach-Workshop (Referentin: Andrea Hartel, Lerncoach)",Debattieren – wie überzeuge ich am besten? (Referent: Hr. Fringes),"1,2,3"
Bartoletti,Zola,6,"Klausurenphase - Verflixt, wie bekomme ich das mit den Aufgabenstellungen hin? (Referent: Hr. Dröge)","Deliver quality! – Professionell wissenschaftliche Präsentationen gestalten und halten (Referent: Hr. Menzinger, Q3)","Lust statt Frust: Prüfungen stark und gelassen meistern! - ein Mitmach-Workshop (Referentin: Andrea Hartel, Lerncoach)","1,2,4"
Beahan,Maude,6,Wie kommt der Stoff ins Gehirn? Oder: how to,„Erörtern/Diskutieren/Beurteilen“ – Der Umgang mit Aufgabenstellungen aus dem AFB III (Referentin: Fr. Steinborn),Runter mit dem Fehlerindex! (Referent: Hr. Joneleit),"1,2,3"
Bergstrom,Elnora,6,Runter mit dem Fehlerindex! (Referent: Hr. Joneleit),„Erörtern/Diskutieren/Beurteilen“ – Der Umgang mit Aufgabenstellungen aus dem AFB III (Referentin: Fr. Steinborn),Spiel dich frei! Act it out! (Galli-Akademie),"1,2,3"
Bergstrom,Tyshawn,6,Analyse von Karikaturen und Statistiken im gesellschaftswissenschaftlichem Kontext (Referent: Hr. Felka),"Naturwissenschaftliche Experimente planen, durchführen und auswerten (Referentin: Fr. Gätsch)",Sicher Ergebnisse sichern - Grundlage Layout (Referentin: Fr. Krusche),"1,3"
Bogan,Ryder,6,Sicher Ergebnisse sichern - Grundlage Layout (Referentin: Fr. Krusche),Debattieren – wie überzeuge ich am besten? (Referent: Hr. Fringes),Spiel dich frei! Act it out! (Galli-Akademie),"1,2"
Boyle,Benedict,6,Language/Langue/Lengua: Vom Wort zum Text und wieder zurück (Referent: Hr. Nebeling),"Naturwissenschaftliche Experimente planen, durchführen und auswerten (Referentin: Fr. Gätsch)",Wie kommt der Stoff ins Gehirn? Oder: how to,"1,2,3"
Brakus,Zita,6,"Klausurenphase - Verflixt, wie bekomme ich das mit den Aufgabenstellungen hin? (Referent: Hr. Dröge)","Naturwissenschaftliche Experimente planen, durchführen und auswerten (Referentin: Fr. Gätsch)",Wie kommt der Stoff ins Gehirn? Oder: how to,"1,2,3"
Brekke,Elian,6,Künstliche Intelligenz als Hilfsmittel in eurem Schulalltag – Lern-Chancen und Risiken (Referent: Hr. Stoffel),Richtig zitieren – aber wie? (Referentin: Fr. Betz),Debattieren – wie überzeuge ich am besten? (Referent: Hr. Fringes),"1,2"
Brown,Elliot,6,Sicher Ergebnisse sichern - Grundlage Layout (Referentin: Fr. Krusche),Künstliche Intelligenz als Hilfsmittel in eurem Schulalltag – Lern-Chancen und Risiken (Referent: Hr. Stoffel),Analyse von Karikaturen und Statistiken im gesellschaftswissenschaftlichem Kontext (Referent: Hr. Felka),"1,2"
Carroll,Dana,6,"Lust statt Frust: Prüfungen stark und gelassen meistern! - ein Mitmach-Workshop (Referentin: Andrea Hartel, Lerncoach)",Debattieren – wie überzeuge ich am besten? (Referent: Hr. Fringes),Wie verstehe ich Mathe? (Referent: Hr. Müller),"1,2,3"
Carroll,Jocelyn,6,Runter mit dem Fehlerindex! (Referent: Hr. Joneleit),Richtig zitieren – aber wie? (Referentin: Fr. Betz),„Erörtern/Diskutieren/Beurteilen“ – Der Umgang mit Aufgabenstellungen aus dem AFB III (Referentin: Fr. Steinborn),"2,3"
Collins,Irwin,6,"Vortrag? Inhaltlich ist das ja ganz gut, aber... Wie man mit einer guten Struktur Inhalte überzeugend präsentiert (Referentin: Fr. Zinn)","Klausurenphase - Verflixt, wie bekomme ich das mit den Aufgabenstellungen hin? (Referent: Hr. Dröge)",Wie kommt der Stoff ins Gehirn? Oder: how to,"1,2"
Cummings,Estefania,6,"Klausurenphase - Verflixt, wie bekomme ich das mit den Aufgabenstellungen hin? (Referent: Hr. Dröge)","Lust statt Frust: Prüfungen stark und gelassen meistern! - ein Mitmach-Workshop (Referentin: Andrea Hartel, Lerncoach)",Wie kommt der Stoff ins Gehirn? Oder: how to,"1,2,3"
Dare,Marisa,6,"Deliver quality! – Professionell wissenschaftliche Präsentationen gestalten und halten (Referent: Hr. Menzinger, Q3)",„Erörtern/Diskutieren/Beurteilen“ – Der Umgang mit Aufgabenstellungen aus dem AFB III (Referentin: Fr. Steinborn),Language/Langue/Lengua: Vom Wort zum Text und wieder zurück (Referent: Hr. Nebeling),"1,2,3"
Dickinson,Esteban,6,"Lust statt Frust: Prüfungen stark und gelassen meistern! - ein Mitmach-Workshop (Referentin: Andrea Hartel, Lerncoach)",Wie verstehe ich Mathe? (Referent: Hr. Müller),Runter mit dem Fehlerindex! (Referent: Hr. Joneleit),"1,3,4"
Fisher,Kaleigh,6,Analyse von Karikaturen und Statistiken im gesellschaftswissenschaftlichem Kontext (Referent: Hr. Felka),Wie verstehe ich Mathe? (Referent: Hr. Müller),"Klausurenphase - Verflixt, wie bekomme ich das mit den Aufgabenstellungen hin? (Referent: Hr. Dröge)","1,3,4"
Gleason,Wilhelm,6,Debattieren – wie überzeuge ich am besten? (Referent: Hr. Fringes),"Deliver quality! – Professionell wissenschaftliche Präsentationen gestalten und halten (Referent: Hr. Menzinger, Q3)","Naturwissenschaftliche Experimente planen, durchführen und auswerten (Referentin: Fr. Gätsch)","1,2,3"
Goyette,Carissa,6,"Lust statt Frust: Prüfungen stark und gelassen meistern! - ein Mitmach-Workshop (Referentin: Andrea Hartel, Lerncoach)",Language/Langue/Lengua: Vom Wort zum Text und wieder zurück (Referent: Hr. Nebeling),„Erörtern/Diskutieren/Beurteilen“ – Der Umgang mit Aufgabenstellungen aus dem AFB III (Referentin: Fr. Steinborn),"1,2,3"
Hettinger,Ramiro,6,Wie kommt der Stoff ins Gehirn? Oder: how to,"Klausurenphase - Verflixt, wie bekomme ich das mit den Aufgabenstellungen hin? (Referent: Hr. Dröge)",Sicher Ergebnisse sichern - Grundlage Layout (Referentin: Fr. Krusche),"1,2"
Kassulke,Bernie,6,Wie kommt der Stoff ins Gehirn? Oder: how to,Wie verstehe ich Mathe? (Referent: Hr. Müller),"Vortrag? Inhaltlich ist das ja ganz gut, aber... Wie man mit einer guten Struktur Inhalte überzeugend präsentiert (Referentin: Fr. Zinn)","1,2,3"
Kemmer,Beryl,6,Spiel dich frei! Act it out! (Galli-Akademie),Sicher Ergebnisse sichern - Grundlage Layout (Referentin: Fr. Krusche),Debattieren – wie überzeuge ich am besten? (Referent: Hr. Fringes),"1,2"
Krajcik,Tony,6,Richtig zitieren – aber wie? (Referentin: Fr. Betz),"Lust statt Frust: Prüfungen stark und gelassen meistern! - ein Mitmach-Workshop (Referentin: Andrea Hartel, Lerncoach)",Runter mit dem Fehlerindex! (Referent: Hr. Joneleit),"1,2"
Kreiger,Gus,6,"Naturwissenschaftliche Experimente planen, durchführen und auswerten (Referentin: Fr. Gätsch)",Sicher Ergebnisse sichern - Grundlage Layout (Referentin: Fr. Krusche),Richtig zitieren – aber wie? (Referentin: Fr. Betz),1
Kuhlman,Annette,6,Wie kommt der Stoff ins Gehirn? Oder: how to,Debattieren – wie überzeuge ich am besten? (Referent: Hr. Fringes),„Erörtern/Diskutieren/Beurteilen“ – Der Umgang mit Aufgabenstellungen aus dem AFB III (Referentin: Fr. Steinborn),"1,2,4"
Kuhlman,Ole,6,Richtig zitieren – aber wie? (Referentin: Fr. Betz),"Naturwissenschaftliche Experimente planen, durchführen und auswerten (Referentin: Fr. Gätsch)","Lust statt Frust: Prüfungen stark und gelassen meistern! - ein Mitmach-Workshop (Referentin: Andrea Hartel, Lerncoach)","1,4"
Lakin,Maybelle,6,Debattieren – wie überzeuge ich am besten? (Referent: Hr. Fringes),Spiel dich frei! Act it out! (Galli-Akademie),"Naturwissenschaftliche Experimente planen, durchführen und auswerten (Referentin: Fr. Gätsch)","1,2,3"
Lehner,Kiara,6,Richtig zitieren – aber wie? (Referentin: Fr. Betz),Spiel dich frei! Act it out! (Galli-Akademie),"Naturwissenschaftliche Experimente planen, durchführen und auswerten (Referentin: Fr. Gätsch)","1,3"
Lindgren,Candido,6,"Naturwissenschaftliche Experimente planen, durchführen und auswerten (Referentin: Fr. Gätsch)",Runter mit dem Fehlerindex! (Referent: Hr. Joneleit),Analyse von Karikaturen und Statistiken im gesellschaftswissenschaftlichem Kontext (Referent: Hr. Felka),"1,3,4"
Lueilwitz,Benedict,6,Wie verstehe ich Mathe? (Referent: Hr. Müller),"Klausurenphase - Verflixt, wie bekomme ich das mit den Aufgabenstellungen hin? (Referent: Hr. Dröge)",Language/Langue/Lengua: Vom Wort zum Text und wieder zurück (Referent: Hr. Nebeling),"1,2,3"
McGlynn,Dillon,6,Wie verstehe ich Mathe? (Referent: Hr. Müller),"Klausurenphase - Verflixt, wie bekomme ich das mit den Aufgabenstellungen hin? (Referent: Hr. Dröge)",Runter mit dem Fehlerindex! (Referent: Hr. Joneleit),"1,2,3"
Mohr,Elmer,6,"Naturwissenschaftliche Experimente planen, durchführen und auswerten (Referentin: Fr. Gätsch)",Wie verstehe ich Mathe? (Referent: Hr. Müller),Sicher Ergebnisse sichern - Grundlage Layout (Referentin: Fr. Krusche),"1,2"
Murray,Lambert,6,Runter mit dem Fehlerindex! (Referent: Hr. Joneleit),"Vortrag? Inhaltlich ist das ja ganz gut, aber... Wie man mit einer guten Struktur Inhalte überzeugend präsentiert (Referentin: Fr. Zinn)","Lust statt Frust: Prüfungen stark und gelassen meistern! - ein Mitmach-Workshop (Referentin: Andrea Hartel, Lerncoach)","1,2"
Nader,Colleen,6,„Erörtern/Diskutieren/Beurteilen“ – Der Umgang mit Aufgabenstellungen aus dem AFB III (Referentin: Fr. Steinborn),Spiel dich frei! Act it out! (Galli-Akademie),Wie verstehe ich Mathe? (Referent: Hr. Müller),"1,2,4"
O'Conner,Bettye,6,"Klausurenphase - Verflixt, wie bekomme ich das mit den Aufgabenstellungen hin? (Referent: Hr. Dröge)",„Erörtern/Diskutieren/Beurteilen“ – Der Umgang mit Aufgabenstellungen aus dem AFB III (Referentin: Fr. Steinborn),"Lust statt Frust: Prüfungen stark und gelassen meistern! - ein Mitmach-Workshop (Referentin: Andrea Hartel, Lerncoach)","1,2,4"
O'Hara,Steve,6,Analyse von Karikaturen und Statistiken im gesellschaftswissenschaftlichem Kontext (Referent: Hr. Felka),Sicher Ergebnisse sichern - Grundlage Layout (Referentin: Fr. Krusche),Language/Langue/Lengua: Vom Wort zum Text und wieder zurück (Referent: Hr. Nebeling),"1,2"
Pacocha,Vincent,6,Runter mit dem Fehlerindex! (Referent: Hr. Joneleit),"Vortrag? Inhaltlich ist das ja ganz gut, aber... Wie man mit einer guten Struktur Inhalte überzeugend präsentiert (Referentin: Fr. Zinn)",Wie kommt der Stoff ins Gehirn? Oder: how to,"1,2"
Prosacco,Gennaro,6,Language/Langue/Lengua: Vom Wort zum Text und wieder zurück (Referent: Hr. Nebeling),Analyse von Karikaturen und Statistiken im gesellschaftswissenschaftlichem Kontext (Referent: Hr. Felka),"Naturwissenschaftliche Experimente planen, durchführen und auswerten (Referentin: Fr. Gätsch)","1,3,4"
Roberts,Mallory,6,"Klausurenphase - Verflixt, wie bekomme ich das mit den Aufgabenstellungen hin? (Referent: Hr. Dröge)",Spiel dich frei! Act it out! (Galli-Akademie),Künstliche Intelligenz als Hilfsmittel in eurem Schulalltag – Lern-Chancen und Risiken (Referent: Hr. Stoffel),"1,2,3"
Runolfsdottir,Osbaldo,6,Runter mit dem Fehlerindex! (Referent: Hr. Joneleit),"Klausurenphase - Verflixt, wie bekomme ich das mit den Aufgabenstellungen hin? (Referent: Hr. Dröge)",Wie kommt der Stoff ins Gehirn? Oder: how to,"1,2,3"
Schaefer,Alison,6,Sicher Ergebnisse sichern - Grundlage Layout (Referentin: Fr. Krusche),Wie verstehe ich Mathe? (Referent: Hr. Müller),"Klausurenphase - Verflixt, wie bekomme ich das mit den Aufgabenstellungen hin? (Referent: Hr. Dröge)","1,2"
Schroeder,Randall,6,Künstliche Intelligenz als Hilfsmittel in eurem Schulalltag – Lern-Chancen und Risiken (Referent: Hr. Stoffel),"Vortrag? Inhaltlich ist das ja ganz gut, aber... Wie man mit einer guten Struktur Inhalte überzeugend präsentiert (Referentin: Fr. Zinn)","Deliver quality! – Professionell wissenschaftliche Präsentationen gestalten und halten (Referent: Hr. Menzinger, Q3)","1,2"
Toy,Destany,6,Künstliche Intelligenz als Hilfsmittel in eurem Schulalltag – Lern-Chancen und Risiken (Referent: Hr. Stoffel),Debattieren – wie überzeuge ich am besten? (Referent: Hr. Fringes),Spiel dich frei! Act it out! (Galli-Akademie),"1,2,3"
Ullrich,Sharon,6,Spiel dich frei! Act it out! (Galli-Akademie),Debattieren – wie überzeuge ich am besten? (Referent: Hr. Fringes),Runter mit dem Fehlerindex! (Referent: Hr. Joneleit),"1,2,3"
Upton,Kareem,6,„Erörtern/Diskutieren/Beurteilen“ – Der Umgang mit Aufgabenstellungen aus dem AFB III (Referentin: Fr. Steinborn),Language/Langue/Lengua: Vom Wort zum Text und wieder zurück (Referent: Hr. Nebeling),Runter mit dem Fehlerindex! (Referent: Hr. Joneleit),"1,2,3"
Weimann,Bernice,6,"Klausurenphase - Verflixt, wie bekomme ich das mit den Aufgabenstellungen hin? (Referent: Hr. Dröge)",Wie verstehe ich Mathe? (Referent: Hr. Müller),Analyse von Karikaturen und Statistiken im gesellschaftswissenschaftlichem Kontext (Referent: Hr. Felka),"1,2,3"
Wiza,Margaret,6,"Vortrag? Inhaltlich ist das ja ganz gut, aber... Wie man mit einer guten Struktur Inhalte überzeugend präsentiert (Referentin: Fr. Zinn)","Naturwissenschaftliche Experimente planen, durchführen und auswerten (Referentin: Fr. Gätsch)",Sicher Ergebnisse sichern - Grundlage Layout (Referentin: Fr. Krusche),1
